consumer_id,city,latitude,longitude,price_sensitivity,sustainability_conscious
CONS-0000,Pune,18.52149,73.85496,0.10162406890137801,False
CONS-0001,Pune,18.57051,73.81624,0.5567549953258464,True
CONS-0002,Pune,18.43682,73.86434,0.2903834755952771,True
CONS-0003,Nashik,20.01218,73.80469,0.07216407391621694,False
CONS-0004,Bengaluru,12.95756,77.5942,0.6281592347766679,False
CONS-0005,Pune,18.53253,73.86366,0.42192244914497895,True
CONS-0006,Chennai,13.11625,80.27154,0.527081442503734,False
CONS-0007,Hyderabad,17.4081,78.54937,0.3349972970626913,False
CONS-0008,Nashik,19.97241,73.78971,0.3993770633351098,False
CONS-0009,Coimbatore,10.95517,76.99954,0.39808311212497055,False
CONS-0010,Hyderabad,17.36313,78.42645,0.9487887461715271,True
CONS-0011,Pune,18.46349,73.92302,0.4450966045479971,True
CONS-0012,Coimbatore,10.91333,76.95842,0.1672834957995313,False
CONS-0013,Chennai,13.08807,80.17398,0.6659624605331728,False
CONS-0014,Chennai,13.13101,80.24167,0.33128667292959185,False
CONS-0015,Coimbatore,11.03624,76.96983,0.3418661635152297,True
CONS-0016,Bengaluru,12.98414,77.60752,0.2028790633380141,False
CONS-0017,Hyderabad,17.39224,78.46631,0.41033361854916955,False
CONS-0018,Nashik,20.04256,73.70906,0.6995960992143654,False
CONS-0019,Coimbatore,11.00362,76.96162,0.6609034708993435,True
CONS-0020,Chennai,13.08642,80.25756,0.49387179787686597,True
CONS-0021,Chennai,13.09504,80.28714,0.423922016935313,False
CONS-0022,Hyderabad,17.27247,78.46754,0.8915525575656444,False
CONS-0023,Pune,18.52385,73.8522,0.054216010499022776,False
CONS-0024,Bengaluru,12.9795,77.59376,0.4370537649796276,True
CONS-0025,Hyderabad,17.396,78.46308,0.40015184350612043,False
CONS-0026,Hyderabad,17.38779,78.52017,0.43128524157697384,True
CONS-0027,Hyderabad,17.39703,78.49046,0.3144078902600911,False
CONS-0028,Coimbatore,11.01938,76.96511,0.5308265547091323,False
CONS-0029,Coimbatore,11.03918,76.92595,0.41214366639164646,False
CONS-0030,Pune,18.54419,73.84592,0.6610764283695386,False
CONS-0031,Coimbatore,11.00031,76.89255,0.6911619941581822,False
CONS-0032,Bengaluru,12.97727,77.56484,0.7294175854608409,True
CONS-0033,Chennai,13.10784,80.24865,0.30022256406559844,False
CONS-0034,Pune,18.54626,73.83602,0.6015007783142168,False
CONS-0035,Coimbatore,10.92046,77.01054,0.5978543325627567,True
CONS-0036,Nashik,19.98967,73.78055,0.49128133223942816,False
CONS-0037,Nashik,19.95278,73.76633,0.23931512199866983,False
CONS-0038,Bengaluru,12.90869,77.61232,0.28027310740793704,True
CONS-0039,Hyderabad,17.43407,78.46066,0.5938454489185221,True
CONS-0040,Coimbatore,11.04493,76.96008,0.8450385783825193,False
CONS-0041,Hyderabad,17.37872,78.44149,0.21675458424644084,True
CONS-0042,Coimbatore,10.94489,77.03047,0.5617251637672929,False
CONS-0043,Chennai,13.04785,80.24315,0.26967081537937376,True
CONS-0044,Bengaluru,12.96488,77.59786,0.36726933455306726,False
CONS-0045,Chennai,13.07715,80.28553,0.7729755487435173,True
CONS-0046,Pune,18.5267,73.84702,0.6625874570248922,True
CONS-0047,Nashik,20.0061,73.78867,0.7356381911071087,False
CONS-0048,Chennai,13.08921,80.27242,0.27447988156475644,True
CONS-0049,Nashik,19.96225,73.79931,0.13889652232143243,False
CONS-0050,Hyderabad,17.44689,78.47405,0.07738153493334725,False
CONS-0051,Pune,18.51928,73.82682,0.39184608517213626,True
CONS-0052,Bengaluru,12.97371,77.58959,0.2556437276627201,False
CONS-0053,Pune,18.51279,73.85926,0.35966293767097823,True
CONS-0054,Bengaluru,12.93072,77.66536,0.5835955834709543,True
CONS-0055,Bengaluru,12.94872,77.58696,0.6370016643320424,True
CONS-0056,Hyderabad,17.34708,78.49057,0.2724090460780626,True
CONS-0057,Hyderabad,17.374,78.49298,0.43991038030863755,False
CONS-0058,Hyderabad,17.37175,78.46414,0.3001331996888418,False
CONS-0059,Chennai,13.14552,80.36954,0.7492843892830783,False
CONS-0060,Chennai,12.97759,80.32492,0.8547600603845502,True
CONS-0061,Pune,18.48825,73.86438,0.48212320279136756,False
CONS-0062,Chennai,13.08782,80.28271,0.874456409873188,False
CONS-0063,Chennai,13.12017,80.21352,0.47339434368412614,True
CONS-0064,Bengaluru,12.95556,77.5533,0.462258705142862,False
CONS-0065,Coimbatore,10.981,76.94424,0.7802558014108881,True
CONS-0066,Chennai,13.0866,80.33485,0.49096312344043236,False
CONS-0067,Bengaluru,12.99851,77.61749,0.3471656077335343,True
CONS-0068,Pune,18.44609,73.95005,0.4973377569644133,False
CONS-0069,Hyderabad,17.42827,78.51914,0.5233293098696993,False
CONS-0070,Pune,18.49969,73.89324,0.6445066371677749,True
CONS-0071,Hyderabad,17.35613,78.49282,0.2963709278346481,False
CONS-0072,Hyderabad,17.401,78.39645,0.25224216177063136,False
CONS-0073,Chennai,13.03778,80.27136,0.6205328953544694,False
CONS-0074,Hyderabad,17.41263,78.43913,0.5772435832653642,False
CONS-0075,Bengaluru,12.95035,77.5873,0.3515216162086223,True
CONS-0076,Coimbatore,11.01538,76.97222,0.4215699054595817,False
CONS-0077,Coimbatore,10.9899,76.97646,0.7163765660783826,True
CONS-0078,Bengaluru,12.91657,77.51786,0.2786659591033693,False
CONS-0079,Bengaluru,12.90337,77.64526,0.3206910680650905,True
CONS-0080,Nashik,20.00434,73.80208,0.2848643030334795,False
CONS-0081,Hyderabad,17.38441,78.4783,0.4481702591764387,False
CONS-0082,Chennai,13.03929,80.27758,0.7928413635639198,False
CONS-0083,Bengaluru,12.93025,77.51506,0.7245205309182783,True
CONS-0084,Bengaluru,12.96472,77.60134,0.565637574932619,False
CONS-0085,Hyderabad,17.39334,78.4559,0.0940572999975984,True
CONS-0086,Chennai,13.02719,80.33378,0.2573595115252037,False
CONS-0087,Pune,18.48394,73.87695,0.6959735013931265,True
CONS-0088,Nashik,20.01983,73.77564,0.41630840291628607,True
CONS-0089,Nashik,20.00342,73.74169,0.6571537655899827,False
CONS-0090,Coimbatore,11.04321,76.95216,0.6004094426155352,True
CONS-0091,Coimbatore,11.03279,76.95079,0.3877045329754436,True
CONS-0092,Bengaluru,12.98462,77.55987,0.7006874674554475,False
CONS-0093,Nashik,19.90119,73.84329,0.09098664276546463,False
CONS-0094,Pune,18.56779,73.84503,0.25280981661759383,True
CONS-0095,Pune,18.53617,73.90921,0.5666199812998169,False
CONS-0096,Nashik,19.95697,73.77904,0.38626359540193395,True
CONS-0097,Nashik,20.00922,73.78958,0.8069263564374972,False
CONS-0098,Hyderabad,17.34086,78.40207,0.3058478491578616,True
CONS-0099,Coimbatore,11.01404,76.98855,0.25579461605315623,True
CONS-0100,Pune,18.56851,73.86382,0.3403133903078676,False
CONS-0101,Chennai,13.07643,80.27627,0.4875940036152131,False
CONS-0102,Chennai,13.07965,80.25684,0.7983815689447855,False
CONS-0103,Bengaluru,13.01652,77.65381,0.5923298676440727,False
CONS-0104,Chennai,12.99113,80.21951,0.16863124914149638,False
CONS-0105,Bengaluru,12.96113,77.59182,0.6412263777368343,True
CONS-0106,Bengaluru,12.96164,77.58503,0.37460617211618935,False
CONS-0107,Bengaluru,12.96319,77.60039,0.6274652739816657,False
CONS-0108,Bengaluru,12.90035,77.65931,0.0903631008886685,False
CONS-0109,Coimbatore,11.02088,76.92153,0.9571006105299954,True
CONS-0110,Chennai,13.01365,80.35469,0.6639382180304099,True
CONS-0111,Coimbatore,11.02536,76.95223,0.41245840711883064,False
CONS-0112,Nashik,19.98814,73.79544,0.6637259048820815,False
CONS-0113,Hyderabad,17.36092,78.53063,0.9232703089016636,False
CONS-0114,Hyderabad,17.36328,78.41384,0.522541394435798,False
CONS-0115,Hyderabad,17.44786,78.39078,0.26781911064212943,False
CONS-0116,Chennai,13.06424,80.26475,0.3914485763840452,False
CONS-0117,Pune,18.53591,73.86153,0.2781787674094204,False
CONS-0118,Pune,18.52827,73.91149,0.7212560725523016,False
CONS-0119,Coimbatore,10.93475,76.93408,0.5839132244831776,False
CONS-0120,Nashik,19.932,73.74476,0.31122445193713966,True
CONS-0121,Chennai,13.0534,80.297,0.43825290062394334,True
CONS-0122,Nashik,19.97072,73.79615,0.906578780191007,False
CONS-0123,Hyderabad,17.39507,78.48468,0.5089767656807594,True
CONS-0124,Coimbatore,10.95056,77.00966,0.20323061293067052,False
CONS-0125,Nashik,20.05793,73.85528,0.5442544776581237,False
CONS-0126,Chennai,13.06393,80.338,0.49244261067774353,True
CONS-0127,Pune,18.60749,73.82273,0.5688255503419414,False
CONS-0128,Chennai,13.08113,80.24117,0.6659302529305636,True
CONS-0129,Nashik,20.05257,73.81093,0.6845314595405304,False
CONS-0130,Pune,18.62539,73.88619,0.8712953406208866,True
CONS-0131,Bengaluru,12.96116,77.57242,0.38626316844382536,True
CONS-0132,Bengaluru,13.03036,77.60783,0.468863697113691,True
CONS-0133,Hyderabad,17.40455,78.48108,0.23497052482628036,False
CONS-0134,Coimbatore,10.97994,76.95813,0.7494557780212131,True
CONS-0135,Hyderabad,17.38313,78.51332,0.6155938522781793,False
CONS-0136,Coimbatore,11.0318,76.94532,0.6141452772636481,False
CONS-0137,Pune,18.60255,73.85546,0.7605439980713365,False
CONS-0138,Hyderabad,17.40115,78.49058,0.07546467955334622,False
CONS-0139,Hyderabad,17.38818,78.46555,0.7833713696004921,False
CONS-0140,Pune,18.59433,73.8033,0.5406854154712798,True
CONS-0141,Pune,18.54425,73.90763,0.6352023183327876,False
CONS-0142,Chennai,13.1285,80.29382,0.5817502294594921,True
CONS-0143,Nashik,20.01137,73.79508,0.6105956377950627,True
CONS-0144,Hyderabad,17.35802,78.55505,0.30030301872404447,False
CONS-0145,Chennai,13.13066,80.26166,0.87735361403986,True
CONS-0146,Chennai,13.07093,80.24816,0.19540230409606388,False
CONS-0147,Bengaluru,12.97733,77.6058,0.5445481123570937,False
CONS-0148,Coimbatore,11.00469,76.99731,0.6907539670172947,False
CONS-0149,Pune,18.54795,73.8463,0.7193216817560061,True
CONS-0150,Coimbatore,11.06249,76.96316,0.5656830374871606,False
CONS-0151,Nashik,19.98566,73.78843,0.4276829124166261,False
CONS-0152,Nashik,19.91654,73.88435,0.7064867794025043,False
CONS-0153,Chennai,13.08091,80.38627,0.6926381275682401,True
CONS-0154,Chennai,13.11024,80.27029,0.3667690570213071,False
CONS-0155,Nashik,19.96327,73.8389,0.7189214830171679,False
CONS-0156,Pune,18.50883,73.83954,0.2875823872860805,False
CONS-0157,Bengaluru,13.00125,77.60354,0.8304194622207416,True
CONS-0158,Bengaluru,12.91769,77.63207,0.382630975744281,False
CONS-0159,Pune,18.52634,73.87811,0.13840067446433904,False
CONS-0160,Chennai,13.08786,80.27723,0.11262656005605669,False
CONS-0161,Bengaluru,12.94014,77.63599,0.20661455312433513,False
CONS-0162,Pune,18.52989,73.89214,0.5113925352677855,False
CONS-0163,Nashik,19.98192,73.76207,0.8320462261979451,False
CONS-0164,Hyderabad,17.36845,78.5692,0.04427179345973838,False
CONS-0165,Pune,18.51315,73.81154,0.7404772760786714,False
CONS-0166,Pune,18.58741,73.88868,0.33460803176083875,True
CONS-0167,Nashik,19.93283,73.86566,0.8530255165903676,False
CONS-0168,Bengaluru,12.92865,77.59311,0.36903532197528,True
CONS-0169,Bengaluru,13.05095,77.57923,0.33460099989072645,False
CONS-0170,Coimbatore,11.08612,76.97338,0.3309503204771729,True
CONS-0171,Hyderabad,17.26603,78.51779,0.5849122099754628,False
CONS-0172,Hyderabad,17.39011,78.47676,0.46013240233360575,False
CONS-0173,Bengaluru,12.95711,77.52284,0.2918302432370715,False
CONS-0174,Hyderabad,17.41003,78.45904,0.5164924225450311,True
CONS-0175,Pune,18.52763,73.86972,0.8181566207301865,False
CONS-0176,Hyderabad,17.37297,78.52096,0.34305816991647586,True
CONS-0177,Pune,18.49597,73.853,0.47364673810960795,True
CONS-0178,Hyderabad,17.38391,78.48829,0.2062826526001298,False
CONS-0179,Coimbatore,11.03117,76.93539,0.523715718696338,True
CONS-0180,Nashik,20.03383,73.773,0.7791260556045638,True
CONS-0181,Bengaluru,12.98067,77.60711,0.8311750423828477,True
CONS-0182,Pune,18.53325,73.87019,0.1520120729988925,False
CONS-0183,Hyderabad,17.38368,78.49629,0.6884901022998804,True
CONS-0184,Hyderabad,17.36284,78.47401,0.70249813336696,True
CONS-0185,Nashik,19.99315,73.79182,0.3129540913093834,True
CONS-0186,Nashik,20.02755,73.74799,0.4601516131764766,True
CONS-0187,Nashik,20.08112,73.70442,0.8235868163524108,False
CONS-0188,Bengaluru,12.99325,77.54973,0.521962343634183,True
CONS-0189,Nashik,19.99479,73.74439,0.663096229551132,False
CONS-0190,Bengaluru,12.96354,77.61031,0.7152780059425486,False
CONS-0191,Pune,18.51047,73.87053,0.6581857655236523,False
CONS-0192,Chennai,13.08929,80.35744,0.8609760283975407,True
CONS-0193,Chennai,13.104,80.26627,0.5206335820437987,False
CONS-0194,Chennai,13.19496,80.24681,0.275629784032325,False
CONS-0195,Pune,18.51133,73.85982,0.5682992359695626,False
CONS-0196,Nashik,20.02201,73.82628,0.8290793709086367,False
CONS-0197,Hyderabad,17.30501,78.46942,0.2085186252295869,False
CONS-0198,Pune,18.50096,73.86214,0.2561726686401505,False
CONS-0199,Bengaluru,12.98999,77.62639,0.38045900322458276,False
CONS-0200,Pune,18.5811,73.91275,0.3296415713191782,False
CONS-0201,Bengaluru,12.97082,77.60248,0.5904469958738979,False
CONS-0202,Pune,18.49822,73.9558,0.38341723716045173,False
CONS-0203,Bengaluru,12.94257,77.6457,0.46037410577727433,False
CONS-0204,Coimbatore,10.96788,76.8563,0.6436547236748846,False
CONS-0205,Nashik,20.01013,73.78214,0.4639707987903649,False
CONS-0206,Chennai,13.10378,80.31114,0.5247303655388956,False
CONS-0207,Bengaluru,13.03348,77.6502,0.6996407376770514,True
CONS-0208,Nashik,20.00626,73.83537,0.3889931321716791,False
CONS-0209,Nashik,19.98055,73.78812,0.6574812326723218,False
CONS-0210,Bengaluru,12.98764,77.61208,0.46641286340209054,False
CONS-0211,Chennai,13.05306,80.25637,0.696192991878345,False
CONS-0212,Bengaluru,13.02601,77.59071,0.37334210873734247,False
CONS-0213,Nashik,20.00874,73.72046,0.08894771882315704,False
CONS-0214,Coimbatore,11.01691,76.96234,0.25882248999323304,False
CONS-0215,Hyderabad,17.46409,78.42283,0.46153323750309744,True
CONS-0216,Pune,18.53897,73.86008,0.1264002378624489,True
CONS-0217,Nashik,19.95993,73.756,0.393767057358843,False
CONS-0218,Bengaluru,12.9882,77.56627,0.7256183595977099,False
CONS-0219,Coimbatore,11.02025,76.96609,0.6149071274719009,False
CONS-0220,Chennai,13.12077,80.27179,0.3908591428087408,False
CONS-0221,Coimbatore,11.02916,77.02024,0.2466548361864916,False
CONS-0222,Hyderabad,17.36168,78.48749,0.48479441970036435,False
CONS-0223,Chennai,13.09812,80.2797,0.6458385731470779,False
CONS-0224,Coimbatore,11.02759,76.90869,0.30573405750635985,True
CONS-0225,Nashik,19.97817,73.77937,0.8466565164837764,False
CONS-0226,Chennai,12.99454,80.30214,0.536251504959508,True
CONS-0227,Pune,18.51205,73.95211,0.8662304708850229,False
CONS-0228,Pune,18.51029,73.81957,0.42770941158671705,False
CONS-0229,Hyderabad,17.34256,78.52067,0.03750248248984128,False
CONS-0230,Hyderabad,17.39157,78.48253,0.528059937106477,False
CONS-0231,Coimbatore,10.99816,76.90229,0.7332411130668247,True
CONS-0232,Bengaluru,13.00222,77.62872,0.48055766450121856,False
CONS-0233,Bengaluru,12.92397,77.62599,0.08073833916611246,False
CONS-0234,Nashik,19.99349,73.81235,0.8827231006222694,False
CONS-0235,Chennai,13.05606,80.23576,0.15804093453631388,True
CONS-0236,Coimbatore,11.02069,76.93822,0.7434789123688215,False
CONS-0237,Pune,18.57857,73.83079,0.4665786722564905,True
CONS-0238,Pune,18.55301,73.79116,0.2587927262164344,True
CONS-0239,Hyderabad,17.40397,78.57728,0.8267546398139474,True
CONS-0240,Bengaluru,12.91922,77.58447,0.11552840583928109,False
CONS-0241,Hyderabad,17.38983,78.5009,0.6085128449090557,True
CONS-0242,Hyderabad,17.39835,78.49828,0.22341473072043647,False
CONS-0243,Pune,18.54443,73.84505,0.1317323231832223,True
CONS-0244,Chennai,13.05942,80.29953,0.5961557464726865,False
CONS-0245,Hyderabad,17.46253,78.39475,0.5953425710994179,False
CONS-0246,Chennai,13.13415,80.26133,0.9187211102762214,False
CONS-0247,Pune,18.53766,73.88781,0.32263082336204196,False
CONS-0248,Bengaluru,13.01569,77.551,0.5704772882901052,False
CONS-0249,Pune,18.51362,73.86021,0.7336306401430381,True
CONS-0250,Chennai,13.08426,80.2939,0.9840324495686775,True
CONS-0251,Pune,18.52158,73.82058,0.8335643685359371,True
CONS-0252,Pune,18.54381,73.82217,0.7696776834578718,False
CONS-0253,Hyderabad,17.33336,78.54496,0.568516369318675,True
CONS-0254,Bengaluru,12.9744,77.65358,0.40350787608288585,False
CONS-0255,Bengaluru,12.99721,77.57807,0.3807515479950576,True
CONS-0256,Hyderabad,17.46445,78.46055,0.4216165117642404,False
CONS-0257,Bengaluru,12.96399,77.58219,0.8411559488304102,False
CONS-0258,Bengaluru,12.95362,77.65553,0.7199871504795105,False
CONS-0259,Coimbatore,11.02036,76.94825,0.49991563288762486,False
CONS-0260,Coimbatore,11.03352,76.99267,0.4931224471921576,True
CONS-0261,Hyderabad,17.40712,78.49904,0.9148019860160013,True
CONS-0262,Hyderabad,17.44489,78.47932,0.34090028003232087,False
CONS-0263,Coimbatore,10.96153,77.01729,0.17297339837852205,True
CONS-0264,Hyderabad,17.3814,78.48796,0.5524204716446935,True
CONS-0265,Bengaluru,12.96145,77.59739,0.3023791682112219,True
CONS-0266,Nashik,19.99026,73.78653,0.39660745171835204,True
CONS-0267,Hyderabad,17.39205,78.54707,0.26550312403015264,False
CONS-0268,Nashik,20.00026,73.79432,0.1833593385220949,False
CONS-0269,Pune,18.52082,73.82681,0.24171678352366008,True
CONS-0270,Coimbatore,10.89663,76.93136,0.604746613459604,False
CONS-0271,Coimbatore,11.0091,76.95866,0.4537473835348823,True
CONS-0272,Nashik,20.0036,73.81334,0.5518691202351232,True
CONS-0273,Pune,18.55651,73.89762,0.3496408226440379,True
CONS-0274,Hyderabad,17.3949,78.51854,0.6596184092800251,False
CONS-0275,Hyderabad,17.38588,78.45061,0.6876641127960434,False
CONS-0276,Bengaluru,12.88879,77.56997,0.3586455995301656,True
CONS-0277,Hyderabad,17.36221,78.50406,0.7903180925892225,False
CONS-0278,Coimbatore,11.02112,76.95358,0.37730208401883286,False
CONS-0279,Bengaluru,12.92788,77.60234,0.6522120192393064,False
CONS-0280,Hyderabad,17.34282,78.51408,0.3317514321283349,False
CONS-0281,Coimbatore,11.08799,76.92198,0.5023045286728934,False
CONS-0282,Coimbatore,11.01783,76.92873,0.9412900868178576,False
CONS-0283,Coimbatore,11.01627,76.9635,0.7316828179487435,False
CONS-0284,Nashik,20.01613,73.71828,0.2967935816483376,False
CONS-0285,Chennai,13.13656,80.28572,0.3364897609155118,False
CONS-0286,Nashik,19.95857,73.84157,0.39491983145328347,True
CONS-0287,Bengaluru,12.93636,77.63843,0.5674610538543858,False
CONS-0288,Bengaluru,12.93981,77.58437,0.31436907314554463,True
CONS-0289,Pune,18.51494,73.82642,0.8384739252877915,False
CONS-0290,Hyderabad,17.41888,78.52854,0.42158014030197705,False
CONS-0291,Bengaluru,12.98,77.59936,0.7454630008561534,False
CONS-0292,Pune,18.53407,73.89135,0.660047114170489,True
CONS-0293,Hyderabad,17.42363,78.42728,0.7282739775098355,True
CONS-0294,Bengaluru,12.88077,77.61739,0.6892077544704663,True
CONS-0295,Nashik,19.99653,73.783,0.27464037382702317,True
CONS-0296,Bengaluru,12.97152,77.60117,0.4790032385468201,True
CONS-0297,Chennai,13.0625,80.26942,0.17738962715823323,False
CONS-0298,Pune,18.51442,73.85242,0.1185108951917839,False
CONS-0299,Nashik,19.93474,73.75041,0.5642655654043028,True
CONS-0300,Bengaluru,12.93945,77.54182,0.38541739981949596,False
CONS-0301,Hyderabad,17.42131,78.47911,0.5417571947233492,False
CONS-0302,Pune,18.5224,73.85989,0.473694977913521,False
CONS-0303,Nashik,19.95348,73.82095,0.5361488397318316,False
CONS-0304,Chennai,12.99928,80.33268,0.8007524575255357,False
CONS-0305,Bengaluru,12.98627,77.59204,0.7128539850941428,False
CONS-0306,Bengaluru,12.99295,77.55143,0.6392934347512154,True
CONS-0307,Pune,18.5374,73.85828,0.4444770202182315,False
CONS-0308,Chennai,13.01462,80.29974,0.3180256912069948,True
CONS-0309,Bengaluru,12.95403,77.58849,0.8295330333301087,False
CONS-0310,Bengaluru,12.97878,77.61014,0.7372767623816352,False
CONS-0311,Hyderabad,17.39346,78.47414,0.3698344466847561,False
CONS-0312,Pune,18.50729,73.84883,0.6806473437565435,True
CONS-0313,Coimbatore,11.12633,76.97901,0.1337022508407924,False
CONS-0314,Pune,18.53523,73.83549,0.33549432157871484,True
CONS-0315,Hyderabad,17.41039,78.4556,0.3674075815075718,False
CONS-0316,Coimbatore,11.05094,76.99685,0.8015513799652123,False
CONS-0317,Coimbatore,11.00024,76.97108,0.6088892830804086,False
CONS-0318,Pune,18.48236,73.79772,0.7312798527329826,True
CONS-0319,Bengaluru,13.02264,77.56899,0.6832988045410252,False
CONS-0320,Pune,18.47938,73.85007,0.3552166936241205,False
CONS-0321,Chennai,13.03638,80.21154,0.6152250354890462,True
CONS-0322,Hyderabad,17.37527,78.44354,0.8298300437770774,True
CONS-0323,Bengaluru,12.96911,77.61656,0.9356684644902619,True
CONS-0324,Chennai,13.06908,80.28014,0.8328267693918655,True
CONS-0325,Coimbatore,11.02533,76.95742,0.4109174722168146,True
CONS-0326,Nashik,20.00149,73.81876,0.17119047765052253,True
CONS-0327,Chennai,13.06472,80.2049,0.17249998389927754,False
CONS-0328,Bengaluru,12.97563,77.59621,0.8081598349512272,False
CONS-0329,Hyderabad,17.30558,78.48428,0.2743577658869033,True
CONS-0330,Nashik,19.94387,73.78911,0.887035825242929,False
CONS-0331,Pune,18.4951,73.86824,0.373706856319763,True
CONS-0332,Coimbatore,11.00671,76.85553,0.26305474917783334,False
CONS-0333,Nashik,20.02114,73.75938,0.5668059530708833,True
CONS-0334,Nashik,19.99103,73.77659,0.3812305636269203,False
CONS-0335,Coimbatore,11.04825,77.0691,0.25986206941367157,False
CONS-0336,Hyderabad,17.39652,78.47341,0.20656806331113295,True
CONS-0337,Pune,18.51635,73.8681,0.386194583427621,True
CONS-0338,Pune,18.5243,73.78943,0.7763806484420901,False
CONS-0339,Coimbatore,11.0155,76.99208,0.5131368538547246,False
CONS-0340,Hyderabad,17.37505,78.47672,0.7528914733848936,False
CONS-0341,Hyderabad,17.41933,78.5669,0.44501274601524193,True
CONS-0342,Hyderabad,17.38926,78.48757,0.5656611298256647,False
CONS-0343,Pune,18.54225,73.85263,0.3552041501620175,False
CONS-0344,Hyderabad,17.43116,78.44112,0.5988138508765951,True
CONS-0345,Pune,18.49452,73.87406,0.645795095166113,False
CONS-0346,Nashik,20.0582,73.73278,0.2379497471257267,True
CONS-0347,Hyderabad,17.39109,78.48458,0.728379986945413,True
CONS-0348,Hyderabad,17.41515,78.53837,0.6589305686206745,False
CONS-0349,Hyderabad,17.45351,78.53717,0.4693024021091486,False
CONS-0350,Nashik,20.0007,73.78085,0.8567882850205707,False
CONS-0351,Bengaluru,12.89447,77.61967,0.44829818243662095,False
CONS-0352,Pune,18.47022,73.84811,0.4376208740496113,False
CONS-0353,Nashik,19.90888,73.7501,0.4179033447862977,True
CONS-0354,Coimbatore,11.00829,76.97583,0.6080524457068838,True
CONS-0355,Nashik,20.03399,73.75152,0.6790221368656172,False
CONS-0356,Chennai,13.12661,80.30714,0.5807076232238246,False
CONS-0357,Bengaluru,12.96641,77.57317,0.7832106382215935,False
CONS-0358,Coimbatore,10.99956,76.92137,0.8030773279986535,False
CONS-0359,Bengaluru,12.94986,77.57985,0.3031308675278851,True
CONS-0360,Nashik,19.90469,73.78254,0.9420261022002435,True
CONS-0361,Bengaluru,12.95392,77.60328,0.4953823686179361,False
CONS-0362,Nashik,19.98442,73.85828,0.3092754116856554,True
CONS-0363,Coimbatore,11.05858,77.00599,0.7633643057949695,False
CONS-0364,Coimbatore,10.99966,76.95624,0.34746826488565,False
CONS-0365,Hyderabad,17.39975,78.44033,0.3450162142002649,False
CONS-0366,Chennai,13.09231,80.33787,0.5556539535592266,False
CONS-0367,Bengaluru,12.99751,77.65601,0.49336089956199963,False
CONS-0368,Hyderabad,17.42953,78.48301,0.5475605239136319,False
CONS-0369,Nashik,20.01756,73.81527,0.3350706470365958,False
CONS-0370,Nashik,19.99942,73.85433,0.23701987085480347,False
CONS-0371,Hyderabad,17.38531,78.5452,0.48123109138907033,False
CONS-0372,Pune,18.51311,73.88782,0.6614999246629855,False
CONS-0373,Nashik,19.95738,73.85072,0.6304032993820583,False
CONS-0374,Nashik,20.00228,73.78394,0.1278279832249675,True
CONS-0375,Pune,18.49394,73.90634,0.6841222498817429,False
CONS-0376,Bengaluru,13.02612,77.59722,0.6387791703688361,False
CONS-0377,Nashik,20.01112,73.80993,0.252657396110903,False
CONS-0378,Bengaluru,12.93153,77.65448,0.6424995492738313,False
CONS-0379,Chennai,13.07736,80.27683,0.30646272858265305,False
CONS-0380,Coimbatore,10.96118,77.01514,0.7038875454992423,True
CONS-0381,Hyderabad,17.3757,78.49197,0.8460505861007763,True
CONS-0382,Pune,18.52458,73.77957,0.3473723600903994,False
CONS-0383,Bengaluru,12.96515,77.58294,0.23519689559682566,False
CONS-0384,Pune,18.52217,73.86631,0.6201932118417434,False
CONS-0385,Coimbatore,11.00449,77.01512,0.5998996018258834,False
CONS-0386,Hyderabad,17.41031,78.47992,0.527977804064275,False
CONS-0387,Bengaluru,12.99272,77.60745,0.7020972413851261,True
CONS-0388,Nashik,19.94057,73.77837,0.6717055571279983,False
CONS-0389,Coimbatore,10.95432,77.03256,0.5665918412201802,True
CONS-0390,Nashik,19.97887,73.69971,0.7749624635577139,False
CONS-0391,Coimbatore,11.05734,76.96504,0.6313994687675574,False
CONS-0392,Nashik,19.97182,73.81968,0.9015145795444011,False
CONS-0393,Bengaluru,13.01461,77.64101,0.1130886728716221,False
CONS-0394,Coimbatore,11.04128,76.9335,0.5318664361981664,False
CONS-0395,Bengaluru,12.96056,77.58858,0.5029120294456955,True
CONS-0396,Nashik,19.98991,73.79141,0.5949354970730606,False
CONS-0397,Coimbatore,11.01015,76.94605,0.20005496413991045,True
CONS-0398,Hyderabad,17.42076,78.45356,0.6670032005647593,False
CONS-0399,Nashik,19.92157,73.73929,0.8648008577712358,False
CONS-0400,Bengaluru,12.94044,77.59077,0.5571456440158589,False
CONS-0401,Chennai,12.98229,80.25594,0.43099512584236194,False
CONS-0402,Chennai,13.10194,80.28506,0.3642852614457917,False
CONS-0403,Nashik,19.95718,73.84522,0.5220791328590151,False
CONS-0404,Coimbatore,11.10095,76.98557,0.37987945879488716,False
CONS-0405,Bengaluru,12.96936,77.58842,0.08129660671060755,True
CONS-0406,Nashik,20.01123,73.81107,0.8616383253572407,False
CONS-0407,Pune,18.46078,73.90119,0.8615518282764573,False
CONS-0408,Coimbatore,11.04164,76.96919,0.3597978673320235,True
CONS-0409,Chennai,13.07633,80.27818,0.3980526425762549,False
CONS-0410,Pune,18.52047,73.8669,0.19707400862808958,False
CONS-0411,Coimbatore,11.01365,76.86706,0.5818958980731247,False
CONS-0412,Bengaluru,12.96532,77.60388,0.32338451204021273,False
CONS-0413,Chennai,13.12769,80.32958,0.6530610040896853,False
CONS-0414,Coimbatore,11.01512,76.96155,0.7804118671830527,False
CONS-0415,Nashik,20.02502,73.78864,0.5596745456660572,False
CONS-0416,Coimbatore,11.05867,76.99391,0.5269722063555016,True
CONS-0417,Bengaluru,12.95894,77.57962,0.21963035107247933,True
CONS-0418,Nashik,20.01217,73.73622,0.32122923812694915,False
CONS-0419,Pune,18.53478,73.81921,0.7680972551713036,True
CONS-0420,Nashik,20.0118,73.76669,0.09112129463203661,False
CONS-0421,Hyderabad,17.36628,78.55685,0.6174732836470588,True
CONS-0422,Nashik,20.00308,73.78269,0.533367889950818,False
CONS-0423,Hyderabad,17.41825,78.5938,0.3775792430621799,False
CONS-0424,Bengaluru,12.96385,77.5911,0.42233984081719717,False
CONS-0425,Coimbatore,10.94121,76.98241,0.7447550170521825,False
CONS-0426,Nashik,20.01407,73.75042,0.2754052352979177,False
CONS-0427,Nashik,19.90825,73.7952,0.6659023365991739,False
CONS-0428,Coimbatore,10.9873,76.87992,0.7062222752742309,False
CONS-0429,Coimbatore,11.00443,76.95473,0.29201334103599136,False
CONS-0430,Coimbatore,11.01339,76.94235,0.07592692289508969,False
CONS-0431,Hyderabad,17.3693,78.47917,0.3942554555792863,False
CONS-0432,Coimbatore,11.02013,76.92899,0.1447067266475147,False
CONS-0433,Bengaluru,12.96331,77.58142,0.6861873864052628,True
CONS-0434,Bengaluru,12.89812,77.53359,0.6737951616678418,False
CONS-0435,Nashik,19.98588,73.78053,0.06004804087405013,True
CONS-0436,Chennai,13.07964,80.23005,0.6016328470105577,False
CONS-0437,Chennai,12.99536,80.26651,0.7860100064358981,True
CONS-0438,Chennai,13.09554,80.26804,0.5839261371227984,True
CONS-0439,Bengaluru,12.89965,77.62505,0.7489951369349633,True
CONS-0440,Nashik,20.10935,73.75474,0.45476777376019845,True
CONS-0441,Pune,18.60319,73.78634,0.11270161309943463,False
CONS-0442,Hyderabad,17.39551,78.51986,0.48243129921902006,False
CONS-0443,Pune,18.50454,73.8391,0.3962219893774587,False
CONS-0444,Pune,18.46232,73.75074,0.10573488976152819,False
CONS-0445,Coimbatore,10.97771,76.92852,0.4508570039048025,False
CONS-0446,Hyderabad,17.39533,78.4862,0.700524371559451,True
CONS-0447,Coimbatore,10.95645,76.92356,0.13459833075969826,True
CONS-0448,Pune,18.4747,73.84602,0.4337526145702583,False
CONS-0449,Hyderabad,17.34363,78.43609,0.03376225335566404,True
CONS-0450,Pune,18.56991,73.92531,0.15457401136932866,False
CONS-0451,Coimbatore,10.99334,76.88407,0.7860472304181528,False
CONS-0452,Nashik,20.00516,73.84143,0.4256360685327734,False
CONS-0453,Pune,18.61941,73.93089,0.7078125752872821,False
CONS-0454,Nashik,19.935,73.71485,0.5802937467599905,False
CONS-0455,Pune,18.54125,73.7572,0.46098062843720816,True
CONS-0456,Hyderabad,17.36922,78.37645,0.4813724207554079,False
CONS-0457,Nashik,19.99458,73.7813,0.3221419973923909,False
CONS-0458,Nashik,19.90741,73.7758,0.19896557438770118,False
CONS-0459,Hyderabad,17.34328,78.42525,0.8112832964795937,True
CONS-0460,Chennai,12.99955,80.23385,0.562490434396141,False
CONS-0461,Bengaluru,12.9598,77.60052,0.4012623069504725,False
CONS-0462,Pune,18.5131,73.86866,0.5950835173099379,False
CONS-0463,Hyderabad,17.365,78.56673,0.4596002192773263,False
CONS-0464,Nashik,20.08085,73.82167,0.6003595671024756,True
CONS-0465,Hyderabad,17.36641,78.48419,0.5082237758389518,True
CONS-0466,Chennai,13.13199,80.30728,0.8421636517767717,True
CONS-0467,Bengaluru,13.0495,77.53892,0.5867034574967596,False
CONS-0468,Pune,18.54996,73.89667,0.8364519659579275,False
CONS-0469,Chennai,13.11662,80.21789,0.38048210117184067,False
CONS-0470,Coimbatore,11.02103,76.9641,0.3533205505258648,False
CONS-0471,Bengaluru,12.95858,77.58835,0.7684600117069325,False
CONS-0472,Chennai,13.06259,80.22764,0.8525956726439268,False
CONS-0473,Pune,18.52498,73.86017,0.497793109887127,False
CONS-0474,Hyderabad,17.36874,78.48893,0.6226619034068959,True
CONS-0475,Bengaluru,12.99608,77.58677,0.791433507958391,False
CONS-0476,Chennai,13.07258,80.20091,0.7723872128058579,False
CONS-0477,Bengaluru,12.94291,77.59139,0.20807513156080437,False
CONS-0478,Bengaluru,12.89036,77.60436,0.42905047642964333,False
CONS-0479,Nashik,19.9885,73.7802,0.4696349107953961,False
CONS-0480,Bengaluru,12.97838,77.59044,0.8437351351607592,False
CONS-0481,Nashik,19.997,73.78576,0.6266898322126164,False
CONS-0482,Hyderabad,17.37779,78.47752,0.29184859974689475,False
CONS-0483,Hyderabad,17.39538,78.48594,0.26446370002040853,False
CONS-0484,Bengaluru,12.94611,77.52184,0.6875013802879358,False
CONS-0485,Chennai,13.11338,80.28747,0.2962639044095497,False
CONS-0486,Hyderabad,17.36384,78.49365,0.44423650767648676,False
CONS-0487,Bengaluru,12.97303,77.56529,0.3228817861187919,True
CONS-0488,Nashik,19.9925,73.78912,0.7819931690168693,False
CONS-0489,Hyderabad,17.28542,78.51346,0.18743495125542206,False
CONS-0490,Hyderabad,17.39723,78.45658,0.8867441855136818,True
CONS-0491,Nashik,19.95911,73.7266,0.48993808685510865,False
CONS-0492,Nashik,20.10052,73.82484,0.505446306824184,True
CONS-0493,Chennai,13.03834,80.27574,0.8652685345904069,True
CONS-0494,Pune,18.56821,73.85175,0.14154167717289054,False
CONS-0495,Chennai,13.03292,80.21252,0.4875246792785136,True
CONS-0496,Coimbatore,11.01388,76.93125,0.8499033840089698,True
CONS-0497,Hyderabad,17.37322,78.47425,0.5248628958171679,True
CONS-0498,Coimbatore,11.03031,76.93148,0.3490550020038376,True
CONS-0499,Chennai,13.06753,80.26521,0.07500702711597389,False
CONS-0500,Nashik,19.99501,73.77649,0.9090536620498435,True
CONS-0501,Hyderabad,17.39482,78.47858,0.8794316075453618,False
CONS-0502,Pune,18.547,73.92786,0.659651162379602,False
CONS-0503,Bengaluru,12.90848,77.56704,0.6348269783022318,False
CONS-0504,Chennai,13.07512,80.27155,0.6239749351662989,False
CONS-0505,Pune,18.53266,73.91245,0.8595001378196736,True
CONS-0506,Nashik,20.01298,73.81474,0.29323053972597074,False
CONS-0507,Pune,18.51022,73.82122,0.15677582529394554,False
CONS-0508,Bengaluru,12.93336,77.6398,0.4746864018463391,False
CONS-0509,Bengaluru,12.96792,77.5772,0.1158019046230767,False
CONS-0510,Bengaluru,12.98358,77.60525,0.3106844820603876,False
CONS-0511,Hyderabad,17.31844,78.45011,0.6886107204462094,False
CONS-0512,Bengaluru,12.94398,77.63783,0.5127149772553434,False
CONS-0513,Coimbatore,10.98534,76.90968,0.28230734241909144,True
CONS-0514,Hyderabad,17.39295,78.4888,0.826950719908239,False
CONS-0515,Chennai,13.06156,80.23195,0.2971788568421074,True
CONS-0516,Chennai,13.07909,80.26708,0.7744467211640058,False
CONS-0517,Hyderabad,17.38624,78.51571,0.33937305222551434,False
CONS-0518,Chennai,13.1395,80.32255,0.6321842568307385,False
CONS-0519,Nashik,19.9398,73.85165,0.7436150409681351,False
CONS-0520,Nashik,19.96815,73.76858,0.7005769037075134,False
CONS-0521,Bengaluru,13.06535,77.60558,0.3093418317385653,False
CONS-0522,Nashik,19.99718,73.84478,0.7914352355290226,True
CONS-0523,Coimbatore,10.99735,76.93653,0.08324926711499295,True
CONS-0524,Bengaluru,12.9996,77.54867,0.4311327074512711,False
CONS-0525,Nashik,20.03767,73.76098,0.4907191225444282,True
CONS-0526,Hyderabad,17.35204,78.47963,0.5993483257494463,False
CONS-0527,Pune,18.52323,73.85297,0.5271014772295209,False
CONS-0528,Hyderabad,17.45029,78.45586,0.7238129828890496,True
CONS-0529,Hyderabad,17.32872,78.44589,0.5642792740373391,False
CONS-0530,Coimbatore,11.00383,76.94401,0.8198724238369932,False
CONS-0531,Pune,18.59847,73.86784,0.5475112781169724,False
CONS-0532,Coimbatore,11.07189,76.95512,0.15711667994602976,False
CONS-0533,Chennai,13.04751,80.29848,0.22573752722457643,False
CONS-0534,Hyderabad,17.38925,78.48235,0.13136566707209751,False
CONS-0535,Chennai,13.14896,80.19223,0.2751273585459097,False
CONS-0536,Nashik,20.02059,73.7902,0.5597066068543103,False
CONS-0537,Nashik,19.97253,73.7918,0.09057556041114546,False
CONS-0538,Nashik,20.00491,73.78978,0.6290733184858245,True
CONS-0539,Nashik,20.04796,73.84773,0.20356138791157094,False
CONS-0540,Chennai,13.02427,80.26697,0.2896479213880857,True
CONS-0541,Hyderabad,17.32284,78.47726,0.23050040272224595,False
CONS-0542,Hyderabad,17.4092,78.48499,0.6001464959765859,False
CONS-0543,Coimbatore,10.96939,76.96973,0.5103005154961597,False
CONS-0544,Hyderabad,17.36365,78.46688,0.26128303240683254,False
CONS-0545,Nashik,20.00203,73.7165,0.848415926888888,False
CONS-0546,Hyderabad,17.39409,78.48337,0.47460764662554616,True
CONS-0547,Bengaluru,12.95959,77.59644,0.8571197974682376,False
CONS-0548,Pune,18.52383,73.87735,0.20876059238569442,True
CONS-0549,Bengaluru,12.97054,77.58502,0.16980283479114727,False
CONS-0550,Nashik,20.00273,73.79598,0.6812684191187584,False
CONS-0551,Coimbatore,10.9676,76.87878,0.4876981161069634,False
CONS-0552,Chennai,13.02173,80.29932,0.6279071911789967,False
CONS-0553,Coimbatore,11.06559,76.99091,0.537845820171552,True
CONS-0554,Hyderabad,17.41041,78.49532,0.8826197112184763,False
CONS-0555,Bengaluru,13.01317,77.66835,0.3362917474676925,True
CONS-0556,Coimbatore,10.96594,76.93893,0.2750967808096102,False
CONS-0557,Chennai,13.10289,80.23936,0.16927412399904437,False
CONS-0558,Nashik,20.02723,73.79569,0.706534959403876,False
CONS-0559,Bengaluru,12.95717,77.57238,0.5441519096209163,False
CONS-0560,Pune,18.53439,73.84477,0.6333754974325652,True
CONS-0561,Coimbatore,11.03116,76.97731,0.6005100924534754,False
CONS-0562,Hyderabad,17.37493,78.47232,0.1831711069566134,True
CONS-0563,Hyderabad,17.37367,78.48922,0.7088111694543747,False
CONS-0564,Pune,18.54794,73.87566,0.8043869022633363,False
CONS-0565,Coimbatore,11.01014,77.0151,0.29393663637219847,True
CONS-0566,Chennai,13.11877,80.24246,0.20672399124671126,False
CONS-0567,Coimbatore,11.02051,76.95365,0.3247742380161635,True
CONS-0568,Pune,18.48644,73.8716,0.7445860035613272,False
CONS-0569,Nashik,20.00709,73.77649,0.8633229695408833,True
CONS-0570,Chennai,13.05634,80.30123,0.8461458583709657,True
CONS-0571,Nashik,19.99406,73.79175,0.5000131561307755,True
CONS-0572,Coimbatore,11.01448,76.94329,0.5798021064007494,True
CONS-0573,Coimbatore,11.01362,76.97415,0.32947098957327037,False
CONS-0574,Pune,18.51234,73.85117,0.19443676947241595,False
CONS-0575,Nashik,20.0359,73.77513,0.3180530787379778,False
CONS-0576,Hyderabad,17.38239,78.61094,0.8609550581500001,False
CONS-0577,Coimbatore,10.97226,76.84653,0.3268950309093551,False
CONS-0578,Coimbatore,11.01117,76.92933,0.18135559578427068,False
CONS-0579,Nashik,19.96501,73.79414,0.5197314481731972,False
CONS-0580,Bengaluru,12.93544,77.51906,0.7154388049292337,False
CONS-0581,Coimbatore,10.9184,76.95341,0.38220722190492873,False
CONS-0582,Nashik,20.00481,73.79554,0.3882824552120684,True
CONS-0583,Pune,18.49938,73.87293,0.4605747817761511,True
CONS-0584,Pune,18.51576,73.83554,0.1927389234820555,True
CONS-0585,Pune,18.51258,73.84609,0.2910775330613764,False
CONS-0586,Hyderabad,17.40058,78.4843,0.3774391662756907,False
CONS-0587,Chennai,13.04608,80.21641,0.18377720698627256,True
CONS-0588,Chennai,13.02166,80.21534,0.4073581806162755,True
CONS-0589,Coimbatore,11.12222,76.907,0.7303078897123749,False
CONS-0590,Hyderabad,17.38427,78.47496,0.5766579393411477,False
CONS-0591,Pune,18.48667,73.80154,0.2971665790426089,False
CONS-0592,Pune,18.58291,73.86694,0.12066417791018667,True
CONS-0593,Chennai,13.1311,80.34042,0.5987874142261456,False
CONS-0594,Nashik,20.0649,73.76627,0.5858015009598692,False
CONS-0595,Chennai,13.06512,80.36449,0.5085660524778746,False
CONS-0596,Chennai,13.01624,80.28484,0.7666919153575902,False
CONS-0597,Nashik,19.98416,73.7654,0.46507999263351035,False
CONS-0598,Hyderabad,17.44695,78.53463,0.20130064741843096,False
CONS-0599,Bengaluru,12.97993,77.58817,0.7464699764265529,False
CONS-0600,Bengaluru,12.94583,77.63708,0.24547096618716796,False
CONS-0601,Nashik,20.04055,73.68007,0.6083873299125904,False
CONS-0602,Coimbatore,11.10393,76.97382,0.8207079131781789,True
CONS-0603,Coimbatore,11.05314,76.94762,0.4176393420608526,True
CONS-0604,Hyderabad,17.28491,78.51162,0.029568016400799296,False
CONS-0605,Pune,18.49282,73.84632,0.1496275617235655,False
CONS-0606,Hyderabad,17.39878,78.4869,0.5463178950432167,False
CONS-0607,Nashik,20.0154,73.83992,0.24324125515870393,False
CONS-0608,Chennai,13.04344,80.26567,0.6456384294124196,True
CONS-0609,Pune,18.52514,73.8741,0.038659216272641295,True
CONS-0610,Chennai,13.11083,80.27136,0.366617574462519,False
CONS-0611,Coimbatore,11.0333,76.88072,0.8742206279204914,False
CONS-0612,Hyderabad,17.44465,78.40926,0.6373598446305918,True
CONS-0613,Bengaluru,12.98969,77.56138,0.8670550138559573,False
CONS-0614,Chennai,13.09401,80.31139,0.5339280774951525,False
CONS-0615,Nashik,20.04676,73.8198,0.6182851809817518,True
CONS-0616,Chennai,13.10996,80.28484,0.5783818998052255,True
CONS-0617,Nashik,20.04537,73.8153,0.8315582787785935,True
CONS-0618,Chennai,13.08055,80.27273,0.3645095693808905,True
CONS-0619,Coimbatore,11.002,77.06964,0.40788425336237216,True
CONS-0620,Pune,18.51236,73.83913,0.645355997810041,True
CONS-0621,Bengaluru,12.94997,77.5882,0.35413772306000074,False
CONS-0622,Nashik,19.9313,73.69108,0.5705017972809896,True
CONS-0623,Pune,18.54428,73.93286,0.683553778448768,True
CONS-0624,Bengaluru,12.97292,77.5898,0.3806027970558331,False
CONS-0625,Pune,18.51285,73.8753,0.10851709660597172,True
CONS-0626,Chennai,13.13791,80.31149,0.489083672511234,True
CONS-0627,Bengaluru,13.03361,77.65781,0.7813422598085142,False
CONS-0628,Hyderabad,17.39262,78.4947,0.3136820684467028,True
CONS-0629,Chennai,13.09214,80.28851,0.43109530489456804,False
CONS-0630,Nashik,20.03329,73.8276,0.6338911741440788,False
CONS-0631,Pune,18.52156,73.87148,0.6783744387306734,True
CONS-0632,Chennai,13.15906,80.22032,0.4202596197407576,True
CONS-0633,Chennai,13.09177,80.2774,0.30981631078999833,False
CONS-0634,Nashik,19.99815,73.7345,0.3920483832306281,False
CONS-0635,Hyderabad,17.39748,78.50481,0.3622859869364955,False
CONS-0636,Coimbatore,10.92825,77.0066,0.7733455568919695,False
CONS-0637,Pune,18.52299,73.8208,0.2699223900206237,False
CONS-0638,Hyderabad,17.3124,78.48705,0.3822783035028973,True
CONS-0639,Bengaluru,13.01249,77.63187,0.24383737897539698,True
CONS-0640,Bengaluru,12.95008,77.61944,0.49780103684675137,False
CONS-0641,Nashik,20.02032,73.84241,0.2939396880068298,False
CONS-0642,Pune,18.48585,73.91465,0.1792170716908816,False
CONS-0643,Coimbatore,10.99014,76.99405,0.8598019299416092,False
CONS-0644,Bengaluru,13.00028,77.51952,0.2197013663506847,False
CONS-0645,Hyderabad,17.40211,78.47031,0.6501880782028285,True
CONS-0646,Chennai,13.08747,80.27564,0.09700336283428045,False
CONS-0647,Pune,18.52337,73.87038,0.27302755575544396,False
CONS-0648,Chennai,13.09647,80.28238,0.2859131035931999,True
CONS-0649,Pune,18.51454,73.8302,0.7079546913693016,True
CONS-0650,Hyderabad,17.32709,78.48613,0.44252504170704854,False
CONS-0651,Chennai,13.04972,80.22614,0.33351127049612367,False
CONS-0652,Pune,18.45312,73.83651,0.6946564281203195,False
CONS-0653,Pune,18.54128,73.87688,0.2617950737904015,True
CONS-0654,Bengaluru,13.00864,77.62721,0.31479363039957164,True
CONS-0655,Nashik,19.98319,73.82997,0.942471786467983,False
CONS-0656,Hyderabad,17.41143,78.49471,0.7403780605235272,True
CONS-0657,Chennai,13.07472,80.23128,0.5682200415366917,True
CONS-0658,Coimbatore,11.00359,76.93946,0.163731196615373,False
CONS-0659,Chennai,12.99431,80.31281,0.47838363757355196,True
CONS-0660,Chennai,13.11648,80.3006,0.7222073651608769,True
CONS-0661,Hyderabad,17.36297,78.4655,0.7018138424002534,False
CONS-0662,Nashik,20.06679,73.81747,0.3643279246850076,True
CONS-0663,Chennai,13.08178,80.19776,0.21433906683553094,False
CONS-0664,Chennai,13.07707,80.31141,0.7192946811005181,False
CONS-0665,Nashik,20.0126,73.76771,0.2614826711005626,False
CONS-0666,Hyderabad,17.38953,78.47692,0.41424630735662565,False
CONS-0667,Nashik,20.06914,73.88518,0.9651958045282353,True
CONS-0668,Hyderabad,17.41665,78.46434,0.15644695727304742,False
CONS-0669,Nashik,20.02187,73.83022,0.9737154781849598,False
CONS-0670,Coimbatore,10.95625,76.9534,0.28778422728899555,False
CONS-0671,Hyderabad,17.40509,78.48266,0.6409171431259247,False
CONS-0672,Chennai,13.0921,80.24864,0.41145434369514233,True
CONS-0673,Pune,18.51558,73.83566,0.5975469336356567,False
CONS-0674,Hyderabad,17.35611,78.51778,0.23751959974211848,False
CONS-0675,Chennai,13.06301,80.25616,0.8610133744810505,False
CONS-0676,Chennai,13.11836,80.21389,0.8054477316937214,False
CONS-0677,Pune,18.56577,73.86786,0.15258138646799171,False
CONS-0678,Hyderabad,17.39552,78.5301,0.28166522698961377,False
CONS-0679,Nashik,20.00055,73.77082,0.7773593926620419,False
CONS-0680,Coimbatore,10.91064,76.89565,0.7867688709715736,False
CONS-0681,Chennai,13.07806,80.2739,0.1685481605823161,False
CONS-0682,Chennai,13.09466,80.33434,0.8664270120922118,True
CONS-0683,Coimbatore,11.01115,76.93474,0.280030728152351,True
CONS-0684,Nashik,20.03213,73.78874,0.3304238895180185,True
CONS-0685,Chennai,13.05542,80.22177,0.7896866347463812,False
CONS-0686,Coimbatore,11.03421,76.98631,0.754465514413151,False
CONS-0687,Chennai,13.09013,80.25461,0.12677646058802766,True
CONS-0688,Pune,18.53626,73.8445,0.3686497826234647,False
CONS-0689,Pune,18.55,73.88764,0.6582920199990855,False
CONS-0690,Pune,18.51599,73.84397,0.3065406565987511,True
CONS-0691,Coimbatore,11.02159,76.95573,0.46625436514448404,False
CONS-0692,Chennai,13.05135,80.34192,0.2014004565078815,False
CONS-0693,Hyderabad,17.33167,78.48658,0.31708445786261485,True
CONS-0694,Bengaluru,12.96366,77.58891,0.2814612194125886,False
CONS-0695,Bengaluru,12.87628,77.60756,0.2417761527161332,False
CONS-0696,Hyderabad,17.37194,78.49768,0.543395383981832,False
CONS-0697,Pune,18.54308,73.85583,0.3887551462668023,False
CONS-0698,Pune,18.58619,73.87741,0.3775002716137207,True
CONS-0699,Coimbatore,10.99806,76.92714,0.2928474381343118,False
CONS-0700,Nashik,20.02172,73.77542,0.8343204107081323,True
CONS-0701,Chennai,13.08616,80.26233,0.8156459316902951,True
CONS-0702,Chennai,13.07672,80.27615,0.10553716634751603,True
CONS-0703,Nashik,19.99581,73.76984,0.05541488881649999,False
CONS-0704,Chennai,13.07525,80.28522,0.30793239888329627,False
CONS-0705,Coimbatore,11.00391,76.97818,0.39378722847440717,False
CONS-0706,Chennai,13.10829,80.28115,0.8269125674551999,False
CONS-0707,Coimbatore,11.0027,76.9038,0.2824687408509532,True
CONS-0708,Nashik,20.01068,73.69503,0.10551092968235021,True
CONS-0709,Bengaluru,12.97799,77.62048,0.2771526027604992,False
CONS-0710,Pune,18.51751,73.85966,0.274073251934637,True
CONS-0711,Coimbatore,11.01789,76.9585,0.5152443775808038,False
CONS-0712,Coimbatore,11.01808,77.01636,0.3742241519722042,False
CONS-0713,Nashik,19.98697,73.7677,0.49846290514822217,False
CONS-0714,Chennai,13.13408,80.3155,0.5216438369827776,False
CONS-0715,Chennai,13.0906,80.28204,0.6255540157834659,False
CONS-0716,Nashik,19.96146,73.79819,0.4419259607880447,False
CONS-0717,Bengaluru,12.97554,77.5839,0.47769968790489775,False
CONS-0718,Hyderabad,17.41684,78.41277,0.4186086658122563,False
CONS-0719,Bengaluru,13.03406,77.55456,0.8019035181833087,False
CONS-0720,Bengaluru,12.99983,77.63857,0.7655935059937263,False
CONS-0721,Nashik,19.89454,73.83636,0.7375377799650529,True
CONS-0722,Bengaluru,13.07426,77.52968,0.6028561608170874,True
CONS-0723,Nashik,19.9992,73.68632,0.5459174403038163,False
CONS-0724,Chennai,13.17757,80.30097,0.5890735734732744,True
CONS-0725,Chennai,13.06656,80.28432,0.4650212925634365,False
CONS-0726,Coimbatore,11.0481,76.92854,0.6041930955790371,False
CONS-0727,Pune,18.47442,73.85503,0.1697941071021081,False
CONS-0728,Chennai,13.01187,80.28543,0.5420572255633144,False
CONS-0729,Nashik,19.94556,73.7211,0.6695747737487419,False
CONS-0730,Coimbatore,11.00881,76.94179,0.8562970531233691,True
CONS-0731,Bengaluru,12.96409,77.6489,0.5883612764380093,True
CONS-0732,Pune,18.4865,73.90646,0.3882208789054701,True
CONS-0733,Chennai,13.08039,80.24495,0.4023079777000232,True
CONS-0734,Hyderabad,17.37913,78.48532,0.15866834082252998,False
CONS-0735,Hyderabad,17.40034,78.57178,0.28182925236565864,False
CONS-0736,Nashik,19.99323,73.79421,0.5965656043347793,True
CONS-0737,Coimbatore,11.01449,76.96038,0.5355994775633154,False
CONS-0738,Coimbatore,10.90897,76.91514,0.19172665578355924,False
CONS-0739,Bengaluru,12.99047,77.59719,0.6427447472714233,False
CONS-0740,Coimbatore,10.9709,76.98744,0.29554248300557956,False
CONS-0741,Bengaluru,12.92008,77.58922,0.30320635907435595,False
CONS-0742,Hyderabad,17.41638,78.52264,0.3868530362344671,False
CONS-0743,Bengaluru,12.88008,77.61614,0.48793888463122076,False
CONS-0744,Chennai,13.09774,80.25136,0.7699565592644861,True
CONS-0745,Hyderabad,17.42687,78.46768,0.9310247129622774,True
CONS-0746,Nashik,19.96115,73.77981,0.4624980016213784,True
CONS-0747,Nashik,19.99659,73.73797,0.15124071682725476,False
CONS-0748,Hyderabad,17.48547,78.4505,0.45542474945869094,True
CONS-0749,Bengaluru,13.05438,77.68207,0.7378050733800394,True
CONS-0750,Nashik,19.99217,73.78724,0.5396922303711308,False
CONS-0751,Coimbatore,11.02622,76.92988,0.48610413571722266,False
CONS-0752,Nashik,19.99289,73.76986,0.542338298601279,True
CONS-0753,Bengaluru,12.96135,77.59474,0.5959022997876573,True
CONS-0754,Pune,18.51018,73.86376,0.2075974768634734,False
CONS-0755,Pune,18.55658,73.82869,0.41180443000369843,False
CONS-0756,Coimbatore,11.05489,76.9926,0.8180921184628491,True
CONS-0757,Bengaluru,12.954,77.54727,0.21298070707660066,False
CONS-0758,Nashik,20.00613,73.79251,0.6068460222949097,False
CONS-0759,Coimbatore,11.00572,76.96669,0.8932621106581964,True
CONS-0760,Coimbatore,10.97211,76.93256,0.2732527472279083,False
CONS-0761,Coimbatore,11.02666,76.92839,0.2088224087301102,True
CONS-0762,Bengaluru,12.97066,77.58624,0.3614511811775599,True
CONS-0763,Bengaluru,12.94624,77.612,0.5732809862582838,False
CONS-0764,Bengaluru,12.9282,77.55103,0.7277015659218768,True
CONS-0765,Hyderabad,17.3851,78.45285,0.6731883185351231,False
CONS-0766,Nashik,20.01232,73.7676,0.4027869099787807,True
CONS-0767,Coimbatore,10.99179,76.98619,0.23598663456250593,False
CONS-0768,Chennai,13.15718,80.2415,0.6294477715868716,False
CONS-0769,Chennai,12.97525,80.32384,0.7104442948910363,False
CONS-0770,Hyderabad,17.37788,78.47427,0.5664089034433367,True
CONS-0771,Coimbatore,11.01836,76.96082,0.7257265859093717,False
CONS-0772,Bengaluru,12.9217,77.57828,0.5411535990603288,False
CONS-0773,Coimbatore,11.0021,76.95885,0.6336828717609809,True
CONS-0774,Pune,18.50203,73.84828,0.49107579282104885,True
CONS-0775,Chennai,13.10299,80.31077,0.17921830967677055,True
CONS-0776,Chennai,13.10922,80.27126,0.5021381179780837,False
CONS-0777,Pune,18.4948,73.83273,0.29586377404035175,False
CONS-0778,Pune,18.48057,73.88596,0.7780331207395852,False
CONS-0779,Pune,18.45215,73.84924,0.82679416415398,False
CONS-0780,Coimbatore,11.04801,77.0319,0.5969211282318143,False
CONS-0781,Bengaluru,12.88414,77.62147,0.5404675674977962,True
CONS-0782,Pune,18.51192,73.85565,0.5509599972022319,False
CONS-0783,Hyderabad,17.42119,78.51825,0.45442080507519617,False
CONS-0784,Nashik,20.04224,73.86995,0.2106894406785153,False
CONS-0785,Nashik,20.00522,73.81622,0.44675328909592643,True
CONS-0786,Coimbatore,11.01485,77.00161,0.09076791700103413,False
CONS-0787,Hyderabad,17.36338,78.46681,0.712426118969876,False
CONS-0788,Bengaluru,13.00107,77.57232,0.7700664883566816,False
CONS-0789,Coimbatore,10.98077,76.92049,0.36101221591163735,False
CONS-0790,Bengaluru,12.93855,77.58456,0.44027378544842677,True
CONS-0791,Bengaluru,13.00122,77.5361,0.3386145033515331,False
CONS-0792,Bengaluru,12.95312,77.62881,0.8174296927882084,False
CONS-0793,Chennai,13.15407,80.23782,0.10654756083241788,False
CONS-0794,Nashik,20.01021,73.74869,0.7338600268433484,False
CONS-0795,Pune,18.44973,73.87398,0.5431444475857214,False
CONS-0796,Chennai,13.16068,80.21582,0.6753065368198213,False
CONS-0797,Nashik,19.97865,73.7786,0.4323510392745763,False
CONS-0798,Hyderabad,17.36112,78.4813,0.07305337410257548,False
CONS-0799,Bengaluru,12.8569,77.6181,0.8008749879008588,True
