listing_id,farmer_id,crop,listing_price,quantity_kg,days_since_harvest,shelf_life_days,age_ratio,demand_adj,final_markdown_pct,recommended_price,revenue_at_risk_if_unsold
LST-000010,FARM-0000,Tomato,15.22,197,6,7,0.8571428571428571,0.9210526315789473,0.2610096670247046,11.25,2570.01
LST-000012,FARM-0000,Tomato,12.99,39,9,7,1.2857142857142858,0.9210526315789473,0.4144736842105263,7.61,651.36
LST-000033,FARM-0000,Tomato,14.38,182,6,7,0.8571428571428571,0.9210526315789473,0.2610096670247046,10.63,2243.28
LST-000044,FARM-0000,Bhindi (Ladies finger),48.27,13,5,4,1.25,0.868421052631579,0.3907894736842106,29.41,784.39
LST-000046,FARM-0000,Bhindi (Ladies finger),56.76,39,10,4,1.5,0.868421052631579,0.3907894736842106,34.58,3320.46
LST-000082,FARM-0000,Garlic,288.08,68,8,90,0.08888888888888889,1.0,0.00031604938271604944,287.99,1741.28
LST-000090,FARM-0000,Garlic,274.34,15,3,90,0.03333333333333333,1.0,1.6666666666666667e-05,274.34,137.17
LST-000109,FARM-0000,Garlic,274.61,177,5,90,0.05555555555555555,1.0,7.716049382716048e-05,274.59,2700.33
LST-000110,FARM-0000,Garlic,257.53,53,0,90,0.0,1.0,0.0,257.53,0.0
LST-000128,FARM-0001,Methi,19.6,156,4,3,1.3333333333333333,1.1842105263157894,0.5328947368421052,9.16,4076.8
LST-000134,FARM-0001,Methi,19.13,89,3,3,1.0,1.1842105263157894,0.5328947368421052,8.94,1702.57
LST-000140,FARM-0001,Methi,17.66,36,6,3,1.5,1.1842105263157894,0.5328947368421052,8.25,953.64
LST-000226,FARM-0002,Methi,12.3,48,1,3,0.3333333333333333,1.1842105263157894,0.019736842105263153,12.06,196.8
LST-000246,FARM-0003,Tomato,16.99,182,6,7,0.8571428571428571,0.9210526315789473,0.2610096670247046,12.56,2650.44
LST-000289,FARM-0003,Peas,44.62,190,10,4,1.5,1.2763157894736843,0.574342105263158,18.99,12716.7
LST-000290,FARM-0003,Peas,33.43,97,3,4,0.75,1.2763157894736843,0.24230057565789476,25.33,2432.03
LST-000301,FARM-0003,Peas,45.49,167,6,4,1.5,1.2763157894736843,0.574342105263158,19.36,11395.24
LST-000307,FARM-0003,Peas,46.25,82,1,4,0.25,1.2763157894736843,0.008974095394736844,45.83,948.12
LST-000331,FARM-0004,Brinjal,70.48,138,6,5,1.2,1.1052631578947367,0.4973684210526315,35.43,11671.49
LST-000333,FARM-0004,Brinjal,74.41,12,5,5,1.0,1.1052631578947367,0.4973684210526315,37.4,892.92
LST-000370,FARM-0005,Onion,29.95,112,10,30,0.3333333333333333,1.2236842105263157,0.020394736842105257,29.34,1118.13
LST-000394,FARM-0005,Onion,29.66,95,4,30,0.13333333333333333,1.2236842105263157,0.0013052631578947369,29.62,375.69
LST-000426,FARM-0005,Elephant Yam (Suran),27.76,99,6,45,0.13333333333333333,0.9078947368421052,0.0009684210526315789,27.73,366.43
LST-000434,FARM-0005,Elephant Yam (Suran),24.15,176,10,45,0.2222222222222222,0.9078947368421052,0.004483430799220272,24.04,944.53
LST-000466,FARM-0006,Potato,19.74,130,4,60,0.06666666666666667,1.0,0.00013333333333333334,19.74,171.08
LST-000470,FARM-0006,Potato,19.34,70,11,60,0.18333333333333332,1.0,0.002772916666666666,19.29,248.2
LST-000590,FARM-0007,Methi,17.38,10,4,3,1.3333333333333333,1.1842105263157894,0.5328947368421052,8.12,231.73
LST-000603,FARM-0008,Tomato,18.57,49,9,7,1.2857142857142858,0.9210526315789473,0.4144736842105263,10.87,1169.91
LST-000641,FARM-0008,Green Chilli,36.72,70,11,10,1.1,0.9736842105263158,0.43815789473684214,20.63,2827.44
LST-000687,FARM-0008,Brinjal,69.1,20,4,5,0.8,1.1052631578947367,0.2546526315789474,51.5,1105.6
LST-000777,FARM-0009,Elephant Yam (Suran),30.48,176,6,45,0.13333333333333333,0.9078947368421052,0.0009684210526315789,30.45,715.26
LST-000791,FARM-0009,Elephant Yam (Suran),25.88,18,6,45,0.13333333333333333,0.9078947368421052,0.0009684210526315789,25.85,62.11
LST-000857,FARM-0010,Methi,16.11,172,6,3,1.5,1.1842105263157894,0.5328947368421052,7.53,4156.38
LST-000860,FARM-0010,Methi,18.32,21,4,3,1.3333333333333333,1.1842105263157894,0.5328947368421052,8.56,512.96
LST-000861,FARM-0010,Methi,18.27,87,11,3,1.5,1.1842105263157894,0.5328947368421052,8.53,2384.24
LST-000895,FARM-0010,Onion,27.01,141,3,30,0.1,1.2236842105263157,0.0005506578947368422,27.0,380.84
LST-000901,FARM-0010,Onion,25.25,165,8,30,0.26666666666666666,1.2236842105263157,0.010442105263157895,24.99,1111.0
LST-000913,FARM-0010,Onion,31.81,64,5,30,0.16666666666666666,1.2236842105263157,0.002549342105263157,31.73,339.31
LST-000925,FARM-0011,Green Chilli,31.83,184,8,10,0.8,0.9736842105263158,0.22433684210526322,24.69,4685.38
LST-000930,FARM-0011,Green Chilli,67.33,124,1,10,0.1,0.9736842105263158,0.00043815789473684223,67.3,834.89
LST-000957,FARM-0011,Green Chilli,51.09,90,2,10,0.2,0.9736842105263158,0.003505263157894738,50.91,919.62
LST-001031,FARM-0012,Elephant Yam (Suran),23.68,28,5,45,0.1111111111111111,0.9078947368421052,0.000560428849902534,23.67,73.67
LST-001078,FARM-0013,Garlic,286.3,78,9,90,0.1,1.0,0.0004500000000000001,286.17,2233.14
LST-001081,FARM-0013,Peas,37.66,97,4,4,1.0,1.2763157894736843,0.574342105263158,16.03,3653.02
LST-001089,FARM-0013,Peas,43.57,194,5,4,1.25,1.2763157894736843,0.574342105263158,18.55,10565.72
LST-001101,FARM-0013,Peas,42.84,25,9,4,1.5,1.2763157894736843,0.574342105263158,18.24,1606.5
LST-001112,FARM-0013,Peas,48.31,129,2,4,0.5,1.2763157894736843,0.07179276315789475,44.84,3116.0
LST-001118,FARM-0013,Peas,47.38,44,10,4,1.5,1.2763157894736843,0.574342105263158,20.17,3127.08
LST-001147,FARM-0013,Green Chilli,53.13,80,1,10,0.1,0.9736842105263158,0.00043815789473684223,53.11,425.04
LST-001157,FARM-0013,Green Chilli,61.52,74,3,10,0.3,0.9736842105263158,0.011830263157894736,60.79,1365.74
LST-001163,FARM-0014,Green Chilli,36.38,190,6,10,0.6,0.9736842105263158,0.09464210526315789,32.94,4147.32
LST-001196,FARM-0014,Green Chilli,46.11,152,5,10,0.5,0.9736842105263158,0.05476973684210527,43.58,3504.36
LST-001228,FARM-0014,Peas,41.96,25,6,4,1.5,1.2763157894736843,0.574342105263158,17.86,1573.5
LST-001303,FARM-0015,Methi,19.25,66,11,3,1.5,1.1842105263157894,0.5328947368421052,8.99,1905.75
LST-001338,FARM-0016,Brinjal,61.66,144,9,5,1.5,1.1052631578947367,0.4973684210526315,30.99,13318.56
LST-001346,FARM-0016,Brinjal,85.43,195,7,5,1.4,1.1052631578947367,0.4973684210526315,42.94,23322.39
LST-001437,FARM-0017,Bhindi (Ladies finger),44.06,133,5,4,1.25,0.868421052631579,0.3907894736842106,26.84,7324.98
LST-001452,FARM-0017,Methi,21.22,125,3,3,1.0,1.1842105263157894,0.5328947368421052,9.91,2652.5
LST-001469,FARM-0017,Methi,19.24,53,7,3,1.5,1.1842105263157894,0.5328947368421052,8.99,1529.58
LST-001508,FARM-0018,Onion,30.35,99,8,30,0.26666666666666666,1.2236842105263157,0.010442105263157895,30.03,801.24
LST-001524,FARM-0019,Brinjal,59.77,33,10,5,1.5,1.1052631578947367,0.4973684210526315,30.04,2958.62
LST-001564,FARM-0019,Potato,24.05,106,9,60,0.15,1.0,0.00151875,24.01,382.4
LST-001567,FARM-0019,Potato,23.16,22,2,60,0.03333333333333333,1.0,1.6666666666666667e-05,23.16,16.98
LST-001601,FARM-0020,Brinjal,69.25,51,8,5,1.5,1.1052631578947367,0.4973684210526315,34.81,5297.62
LST-001615,FARM-0020,Brinjal,71.69,68,6,5,1.2,1.1052631578947367,0.4973684210526315,36.03,5849.9
LST-001641,FARM-0020,Elephant Yam (Suran),24.85,84,7,45,0.15555555555555556,0.9078947368421052,0.0015378167641325535,24.81,324.71
LST-001649,FARM-0020,Elephant Yam (Suran),25.02,128,11,45,0.24444444444444444,0.9078947368421052,0.005967446393762183,24.87,782.85
LST-001769,FARM-0022,Methi,17.34,179,6,3,1.5,1.1842105263157894,0.5328947368421052,8.1,4655.79
LST-001772,FARM-0022,Methi,19.21,45,4,3,1.3333333333333333,1.1842105263157894,0.5328947368421052,8.97,1152.6
LST-001778,FARM-0022,Methi,15.26,167,6,3,1.5,1.1842105263157894,0.5328947368421052,7.13,3822.63
LST-001780,FARM-0022,Methi,15.59,78,8,3,1.5,1.1842105263157894,0.5328947368421052,7.28,1824.03
LST-001782,FARM-0022,Methi,17.99,98,8,3,1.5,1.1842105263157894,0.5328947368421052,8.4,2644.53
LST-001875,FARM-0024,Garlic,274.95,107,6,90,0.06666666666666667,1.0,0.00013333333333333334,274.91,1961.31
LST-001892,FARM-0024,Peas,34.62,127,8,4,1.5,1.2763157894736843,0.574342105263158,14.74,6595.11
LST-001898,FARM-0024,Peas,41.06,65,2,4,0.5,1.2763157894736843,0.07179276315789475,38.11,1334.45
LST-001962,FARM-0025,Tomato,15.22,38,9,7,1.2857142857142858,0.9210526315789473,0.4144736842105263,8.91,743.61
LST-002077,FARM-0026,Bhindi (Ladies finger),46.57,112,8,4,1.5,0.868421052631579,0.3907894736842106,28.37,7823.76
LST-002097,FARM-0026,Peas,29.61,192,3,4,0.75,1.2763157894736843,0.24230057565789476,22.44,4263.84
LST-002128,FARM-0027,Bhindi (Ladies finger),46.04,131,3,4,0.75,0.868421052631579,0.16486430921052633,38.45,4523.43
LST-002218,FARM-0027,Elephant Yam (Suran),43.93,167,2,45,0.044444444444444446,0.9078947368421052,3.5867446393762186e-05,43.93,326.06
LST-002284,FARM-0028,Green Chilli,48.82,79,5,10,0.5,0.9736842105263158,0.05476973684210527,46.15,1928.39
LST-002293,FARM-0028,Green Chilli,45.0,179,6,10,0.6,0.9736842105263158,0.09464210526315789,40.74,4833.0
LST-002299,FARM-0028,Green Chilli,49.41,33,3,10,0.3,0.9736842105263158,0.011830263157894736,48.83,489.16
LST-002560,FARM-0033,Tomato,15.71,74,11,7,1.5,0.9210526315789473,0.4144736842105263,9.2,1743.81
LST-002565,FARM-0033,Tomato,16.05,156,7,7,1.0,0.9210526315789473,0.4144736842105263,9.4,2503.8
LST-002622,FARM-0034,Bhindi (Ladies finger),47.32,90,1,4,0.25,0.868421052631579,0.00610608552631579,47.03,1064.7
LST-002740,FARM-0035,Brinjal,54.5,81,10,5,1.5,1.1052631578947367,0.4973684210526315,27.39,6621.75
LST-002751,FARM-0035,Brinjal,85.28,196,7,5,1.4,1.1052631578947367,0.4973684210526315,42.86,23400.83
LST-002790,FARM-0035,Onion,32.79,198,3,30,0.1,1.2236842105263157,0.0005506578947368422,32.77,649.24
LST-002795,FARM-0035,Onion,32.55,100,8,30,0.26666666666666666,1.2236842105263157,0.010442105263157895,32.21,868.0
LST-002821,FARM-0036,Onion,29.87,187,3,30,0.1,1.2236842105263157,0.0005506578947368422,29.85,558.57
LST-002900,FARM-0037,Tomato,16.42,105,8,7,1.1428571428571428,0.9210526315789473,0.4144736842105263,9.61,1970.4
LST-002925,FARM-0038,Garlic,269.1,164,1,90,0.011111111111111112,1.0,6.172839506172841e-07,269.1,490.36
LST-002979,FARM-0039,Brinjal,78.93,64,4,5,0.8,1.1052631578947367,0.2546526315789474,58.83,4041.22
LST-002982,FARM-0039,Brinjal,87.79,86,6,5,1.2,1.1052631578947367,0.4973684210526315,44.13,9059.93
LST-003028,FARM-0040,Methi,19.33,36,6,3,1.5,1.1842105263157894,0.5328947368421052,9.03,1043.82
LST-003053,FARM-0040,Green Chilli,66.14,172,1,10,0.1,0.9736842105263158,0.00043815789473684223,66.11,1137.61
LST-003054,FARM-0040,Green Chilli,34.81,22,8,10,0.8,0.9736842105263158,0.22433684210526322,27.0,612.66
LST-003120,FARM-0042,Potato,19.85,186,5,60,0.08333333333333333,1.0,0.0002604166666666666,19.84,307.68
LST-003125,FARM-0042,Potato,20.24,24,6,60,0.1,1.0,0.0004500000000000001,20.23,48.58
LST-003166,FARM-0042,Elephant Yam (Suran),23.91,75,9,45,0.2,0.9078947368421052,0.0032684210526315793,23.83,358.65
LST-003206,FARM-0043,Garlic,285.8,171,8,90,0.08888888888888889,1.0,0.00031604938271604944,285.71,4344.16
LST-003243,FARM-0043,Green Chilli,39.33,130,5,10,0.5,0.9736842105263158,0.05476973684210527,37.18,2556.45
LST-003252,FARM-0043,Green Chilli,40.72,72,3,10,0.3,0.9736842105263158,0.011830263157894736,40.24,879.55
LST-003317,FARM-0043,Peas,38.72,108,6,4,1.5,1.2763157894736843,0.574342105263158,16.48,6272.64
LST-003337,FARM-0044,Elephant Yam (Suran),28.95,30,4,45,0.08888888888888889,0.9078947368421052,0.0002869395711500975,28.94,77.2
LST-003413,FARM-0045,Brinjal,46.48,11,10,5,1.5,1.1052631578947367,0.4973684210526315,23.36,766.92
LST-003437,FARM-0045,Brinjal,62.88,157,2,5,0.4,1.1052631578947367,0.031831578947368426,60.88,3948.86
LST-003467,FARM-0045,Potato,17.19,127,5,60,0.08333333333333333,1.0,0.0002604166666666666,17.19,181.93
LST-003500,FARM-0046,Brinjal,68.2,94,8,5,1.5,1.1052631578947367,0.4973684210526315,34.28,9616.2
LST-003519,FARM-0046,Brinjal,64.66,175,2,5,0.4,1.1052631578947367,0.031831578947368426,62.6,4526.2
LST-003530,FARM-0046,Methi,19.06,40,7,3,1.5,1.1842105263157894,0.5328947368421052,8.9,1143.6
LST-003585,FARM-0046,Peas,27.21,110,3,4,0.75,1.2763157894736843,0.24230057565789476,20.62,2244.82
LST-003600,FARM-0047,Onion,26.36,59,7,30,0.23333333333333334,1.2236842105263157,0.006995394736842106,26.18,362.89
LST-003623,FARM-0047,Onion,30.37,96,2,30,0.06666666666666667,1.2236842105263157,0.0001631578947368421,30.37,194.37
LST-003632,FARM-0047,Onion,30.74,99,4,30,0.13333333333333333,1.2236842105263157,0.0013052631578947369,30.7,405.77
LST-003639,FARM-0047,Onion,37.19,85,4,30,0.13333333333333333,1.2236842105263157,0.0013052631578947369,37.14,421.49
LST-003704,FARM-0048,Garlic,255.86,154,7,90,0.07777777777777778,1.0,0.0002117283950617284,255.81,3064.63
LST-003706,FARM-0048,Garlic,268.02,73,8,90,0.08888888888888889,1.0,0.00031604938271604944,267.94,1739.15
LST-003752,FARM-0048,Bhindi (Ladies finger),50.13,111,6,4,1.5,0.868421052631579,0.3907894736842106,30.54,8346.64
LST-003793,FARM-0048,Peas,33.36,101,5,4,1.25,1.2763157894736843,0.574342105263158,14.2,4211.7
LST-003806,FARM-0049,Brinjal,62.47,134,8,5,1.5,1.1052631578947367,0.4973684210526315,31.4,12556.47
LST-003820,FARM-0049,Brinjal,72.16,174,7,5,1.4,1.1052631578947367,0.4973684210526315,36.27,17578.18
LST-003869,FARM-0050,Garlic,257.78,78,4,90,0.044444444444444446,1.0,3.950617283950618e-05,257.77,893.64
LST-003874,FARM-0050,Garlic,258.86,119,1,90,0.011111111111111112,1.0,6.172839506172841e-07,258.86,342.27
LST-003890,FARM-0050,Tomato,16.38,152,8,7,1.1428571428571428,0.9210526315789473,0.4144736842105263,9.59,2845.44
LST-003909,FARM-0050,Tomato,17.47,196,11,7,1.5,0.9210526315789473,0.4144736842105263,10.23,5136.18
LST-003932,FARM-0050,Brinjal,49.94,156,0,5,0.0,1.1052631578947367,0.0,49.94,0.0
LST-003965,FARM-0051,Elephant Yam (Suran),24.14,16,5,45,0.1111111111111111,0.9078947368421052,0.000560428849902534,24.13,42.92
LST-003980,FARM-0051,Elephant Yam (Suran),25.11,186,4,45,0.08888888888888889,0.9078947368421052,0.0002869395711500975,25.1,415.15
LST-004001,FARM-0051,Brinjal,67.83,18,5,5,1.0,1.1052631578947367,0.4973684210526315,34.09,1220.94
LST-004054,FARM-0052,Methi,14.6,109,2,3,0.6666666666666666,1.1842105263157894,0.15789473684210523,12.29,1060.93
LST-004113,FARM-0053,Garlic,276.09,42,4,90,0.044444444444444446,1.0,3.950617283950618e-05,276.08,515.37
LST-004129,FARM-0053,Methi,18.53,175,5,3,1.5,1.1842105263157894,0.5328947368421052,8.66,4864.12
LST-004188,FARM-0053,Onion,30.37,67,1,30,0.03333333333333333,1.2236842105263157,2.0394736842105264e-05,30.37,67.83
LST-004212,FARM-0054,Tomato,15.78,41,1,7,0.14285714285714285,0.9210526315789473,0.001208378088077336,15.76,92.43
LST-004225,FARM-0054,Tomato,16.77,18,7,7,1.0,0.9210526315789473,0.4144736842105263,9.82,301.86
LST-004229,FARM-0054,Tomato,14.34,161,10,7,1.4285714285714286,0.9210526315789473,0.4144736842105263,8.4,3298.2
LST-004236,FARM-0054,Tomato,14.74,197,4,7,0.5714285714285714,0.9210526315789473,0.0773361976369495,13.6,1659.3
LST-004262,FARM-0055,Garlic,342.3,111,7,90,0.07777777777777778,1.0,0.0002117283950617284,342.23,2955.19
LST-004276,FARM-0055,Garlic,278.97,125,7,90,0.07777777777777778,1.0,0.0002117283950617284,278.91,2712.21
LST-004348,FARM-0055,Bhindi (Ladies finger),52.41,179,5,4,1.25,0.868421052631579,0.3907894736842106,31.93,11726.74
LST-004394,FARM-0056,Peas,38.18,81,1,4,0.25,1.2763157894736843,0.008974095394736844,37.84,773.14
LST-004438,FARM-0056,Garlic,241.14,100,5,90,0.05555555555555555,1.0,7.716049382716048e-05,241.12,1339.67
LST-004456,FARM-0056,Bhindi (Ladies finger),52.02,23,7,4,1.5,0.868421052631579,0.3907894736842106,31.69,1794.69
LST-004459,FARM-0056,Bhindi (Ladies finger),57.16,188,10,4,1.5,0.868421052631579,0.3907894736842106,34.82,16119.12
LST-004476,FARM-0056,Bhindi (Ladies finger),46.12,84,9,4,1.5,0.868421052631579,0.3907894736842106,28.1,5811.12
LST-004502,FARM-0057,Garlic,276.31,39,6,90,0.06666666666666667,1.0,0.00013333333333333334,276.27,718.41
LST-004562,FARM-0059,Green Chilli,60.76,80,0,10,0.0,0.9736842105263158,0.0,60.76,0.0
LST-004595,FARM-0059,Green Chilli,34.18,106,9,10,0.9,0.9736842105263158,0.319417105263158,23.26,3260.77
LST-004709,FARM-0060,Bhindi (Ladies finger),44.83,121,1,4,0.25,0.868421052631579,0.00610608552631579,44.56,1356.11
LST-004711,FARM-0060,Bhindi (Ladies finger),41.43,148,9,4,1.5,0.868421052631579,0.3907894736842106,25.24,9197.46
LST-004721,FARM-0060,Elephant Yam (Suran),29.47,150,0,45,0.0,0.9078947368421052,0.0,29.47,0.0
LST-004741,FARM-0060,Elephant Yam (Suran),24.38,125,5,45,0.1111111111111111,0.9078947368421052,0.000560428849902534,24.37,338.61
LST-004864,FARM-0061,Garlic,237.25,169,6,90,0.06666666666666667,1.0,0.00013333333333333334,237.22,2673.02
LST-004908,FARM-0061,Elephant Yam (Suran),23.26,135,8,45,0.17777777777777778,0.9078947368421052,0.00229551656920078,23.21,558.24
LST-004916,FARM-0061,Elephant Yam (Suran),25.81,126,9,45,0.2,0.9078947368421052,0.0032684210526315793,25.73,650.41
LST-004940,FARM-0062,Garlic,261.43,37,5,90,0.05555555555555555,1.0,7.716049382716048e-05,261.41,537.38
LST-004946,FARM-0062,Garlic,273.86,185,4,90,0.044444444444444446,1.0,3.950617283950618e-05,273.85,2251.74
LST-005010,FARM-0062,Elephant Yam (Suran),26.89,92,9,45,0.2,0.9078947368421052,0.0032684210526315793,26.8,494.78
LST-005034,FARM-0062,Elephant Yam (Suran),24.27,96,7,45,0.15555555555555556,0.9078947368421052,0.0015378167641325535,24.23,362.43
LST-005049,FARM-0063,Bhindi (Ladies finger),50.26,171,4,4,1.0,0.868421052631579,0.3907894736842106,30.62,8594.46
LST-005068,FARM-0063,Bhindi (Ladies finger),54.34,72,11,4,1.5,0.868421052631579,0.3907894736842106,33.1,5868.72
LST-005073,FARM-0063,Bhindi (Ladies finger),44.5,93,1,4,0.25,0.868421052631579,0.00610608552631579,44.23,1034.62
LST-005074,FARM-0063,Bhindi (Ladies finger),47.4,124,8,4,1.5,0.868421052631579,0.3907894736842106,28.88,8816.4
LST-005097,FARM-0064,Green Chilli,75.54,33,0,10,0.0,0.9736842105263158,0.0,75.54,0.0
LST-005121,FARM-0064,Tomato,17.92,89,8,7,1.1428571428571428,0.9210526315789473,0.4144736842105263,10.49,1822.72
LST-005133,FARM-0064,Tomato,18.51,100,7,7,1.0,0.9210526315789473,0.4144736842105263,10.84,1851.0
LST-005142,FARM-0064,Tomato,17.27,39,4,7,0.5714285714285714,0.9210526315789473,0.0773361976369495,15.93,384.87
LST-005159,FARM-0064,Tomato,18.52,156,1,7,0.14285714285714285,0.9210526315789473,0.001208378088077336,18.5,412.73
LST-005174,FARM-0065,Garlic,259.85,74,10,90,0.1111111111111111,1.0,0.0006172839506172838,259.69,2136.54
LST-005230,FARM-0066,Potato,23.54,141,5,60,0.08333333333333333,1.0,0.0002604166666666666,23.53,276.59
LST-005285,FARM-0067,Tomato,20.62,106,9,7,1.2857142857142858,0.9210526315789473,0.4144736842105263,12.07,2810.21
LST-005292,FARM-0067,Tomato,15.48,15,1,7,0.14285714285714285,0.9210526315789473,0.001208378088077336,15.46,33.17
LST-005298,FARM-0067,Tomato,17.17,171,2,7,0.2857142857142857,0.9210526315789473,0.009667024704618688,17.0,838.88
LST-005300,FARM-0067,Tomato,17.83,47,5,7,0.7142857142857143,0.9210526315789473,0.15104726100966703,15.14,598.58
LST-005350,FARM-0067,Brinjal,90.02,29,7,5,1.4,1.1052631578947367,0.4973684210526315,45.25,3654.81
LST-005449,FARM-0069,Onion,29.99,103,6,30,0.2,1.2236842105263157,0.004405263157894738,29.86,617.79
LST-005462,FARM-0069,Onion,26.09,160,7,30,0.23333333333333334,1.2236842105263157,0.006995394736842106,25.91,974.03
LST-005469,FARM-0069,Onion,29.14,69,11,30,0.36666666666666664,1.2236842105263157,0.027145394736842098,28.35,737.24
LST-005487,FARM-0070,Garlic,231.94,31,7,90,0.07777777777777778,1.0,0.0002117283950617284,231.89,559.23
LST-005549,FARM-0071,Garlic,244.86,80,3,90,0.03333333333333333,1.0,1.6666666666666667e-05,244.86,652.96
LST-005596,FARM-0072,Methi,17.34,125,4,3,1.3333333333333333,1.1842105263157894,0.5328947368421052,8.1,2890.0
LST-005636,FARM-0072,Garlic,316.16,41,2,90,0.022222222222222223,1.0,4.9382716049382725e-06,316.16,288.06
LST-005766,FARM-0076,Brinjal,68.02,100,8,5,1.5,1.1052631578947367,0.4973684210526315,34.19,10203.0
LST-005796,FARM-0076,Brinjal,43.88,34,0,5,0.0,1.1052631578947367,0.0,43.88,0.0
LST-005818,FARM-0077,Peas,44.53,182,10,4,1.5,1.2763157894736843,0.574342105263158,18.95,12156.69
LST-005986,FARM-0079,Green Chilli,49.11,191,5,10,0.5,0.9736842105263158,0.05476973684210527,46.42,4690.0
LST-006098,FARM-0081,Onion,29.72,36,3,30,0.1,1.2236842105263157,0.0005506578947368422,29.7,106.99
LST-006103,FARM-0081,Onion,9.74,172,0,30,0.0,1.2236842105263157,0.0,9.74,0.0
LST-006119,FARM-0081,Onion,31.49,167,4,30,0.13333333333333333,1.2236842105263157,0.0013052631578947369,31.45,701.18
LST-006139,FARM-0081,Elephant Yam (Suran),28.75,117,3,45,0.06666666666666667,0.9078947368421052,0.00012105263157894736,28.75,224.25
LST-006213,FARM-0082,Potato,18.19,67,0,60,0.0,1.0,0.0,18.19,0.0
LST-006240,FARM-0083,Brinjal,85.58,165,4,5,0.8,1.1052631578947367,0.2546526315789474,63.79,11296.56
LST-006265,FARM-0083,Brinjal,81.11,191,4,5,0.8,1.1052631578947367,0.2546526315789474,60.46,12393.61
LST-006304,FARM-0083,Onion,7.45,23,0,30,0.0,1.2236842105263157,0.0,7.45,0.0
LST-006345,FARM-0083,Elephant Yam (Suran),22.38,169,6,45,0.13333333333333333,0.9078947368421052,0.0009684210526315789,22.36,504.3
LST-006405,FARM-0084,Potato,22.02,108,1,60,0.016666666666666666,1.0,2.0833333333333334e-06,22.02,39.64
LST-006415,FARM-0084,Potato,22.28,94,6,60,0.1,1.0,0.0004500000000000001,22.27,209.43
LST-006524,FARM-0087,Green Chilli,38.84,181,5,10,0.5,0.9736842105263158,0.05476973684210527,36.71,3515.02
LST-006664,FARM-0088,Elephant Yam (Suran),24.26,25,6,45,0.13333333333333333,0.9078947368421052,0.0009684210526315789,24.24,80.87
LST-006665,FARM-0088,Elephant Yam (Suran),26.46,147,7,45,0.15555555555555556,0.9078947368421052,0.0015378167641325535,26.42,605.05
LST-006695,FARM-0088,Garlic,289.72,153,11,90,0.12222222222222222,1.0,0.0008216049382716049,289.48,5417.76
LST-006717,FARM-0088,Garlic,274.21,48,7,90,0.07777777777777778,1.0,0.0002117283950617284,274.15,1023.72
LST-006737,FARM-0088,Brinjal,64.72,179,8,5,1.5,1.1052631578947367,0.4973684210526315,32.53,17377.32
LST-006780,FARM-0089,Bhindi (Ladies finger),48.4,147,8,4,1.5,0.868421052631579,0.3907894736842106,29.49,10672.2
LST-006786,FARM-0089,Bhindi (Ladies finger),47.64,180,1,4,0.25,0.868421052631579,0.00610608552631579,47.35,2143.8
LST-006796,FARM-0089,Bhindi (Ladies finger),50.82,22,5,4,1.25,0.868421052631579,0.3907894736842106,30.96,1397.55
LST-006804,FARM-0090,Elephant Yam (Suran),23.87,67,3,45,0.06666666666666667,0.9078947368421052,0.00012105263157894736,23.87,106.62
LST-006806,FARM-0090,Elephant Yam (Suran),41.18,148,1,45,0.022222222222222223,0.9078947368421052,4.483430799220273e-06,41.18,135.44
LST-006844,FARM-0090,Onion,27.89,59,7,30,0.23333333333333334,1.2236842105263157,0.006995394736842106,27.69,383.95
LST-006914,FARM-0090,Green Chilli,33.01,87,7,10,0.7,0.9736842105263158,0.15028815789473682,28.05,2010.31
LST-006982,FARM-0091,Onion,32.2,67,3,30,0.1,1.2236842105263157,0.0005506578947368422,32.18,215.74
LST-007004,FARM-0092,Bhindi (Ladies finger),43.73,196,7,4,1.5,0.868421052631579,0.3907894736842106,26.64,12856.62
LST-007007,FARM-0092,Bhindi (Ladies finger),49.36,40,5,4,1.25,0.868421052631579,0.3907894736842106,30.07,2468.0
LST-007020,FARM-0092,Bhindi (Ladies finger),43.52,61,1,4,0.25,0.868421052631579,0.00610608552631579,43.25,663.68
LST-007075,FARM-0093,Brinjal,60.85,13,2,5,0.4,1.1052631578947367,0.031831578947368426,58.91,316.42
LST-007113,FARM-0093,Methi,16.96,58,2,3,0.6666666666666666,1.1842105263157894,0.15789473684210523,14.28,655.79
LST-007152,FARM-0093,Tomato,17.31,29,5,7,0.7142857142857143,0.9210526315789473,0.15104726100966703,14.7,358.56
LST-007178,FARM-0094,Onion,7.57,12,1,30,0.03333333333333333,1.2236842105263157,2.0394736842105264e-05,7.57,3.03
LST-007319,FARM-0096,Brinjal,77.9,24,6,5,1.2,1.1052631578947367,0.4973684210526315,39.16,2243.52
LST-007354,FARM-0097,Tomato,17.88,106,8,7,1.1428571428571428,0.9210526315789473,0.4144736842105263,10.47,2166.03
LST-007365,FARM-0098,Tomato,18.17,168,5,7,0.7142857142857143,0.9210526315789473,0.15104726100966703,15.43,2180.4
LST-007445,FARM-0099,Green Chilli,36.93,159,5,10,0.5,0.9736842105263158,0.05476973684210527,34.91,2935.94
LST-007471,FARM-0099,Green Chilli,33.92,41,11,10,1.1,0.9736842105263158,0.43815789473684214,19.06,1529.79
LST-007487,FARM-0100,Potato,18.63,43,1,60,0.016666666666666666,1.0,2.0833333333333334e-06,18.63,13.35
LST-007489,FARM-0100,Potato,19.84,192,6,60,0.1,1.0,0.0004500000000000001,19.83,380.93
LST-007493,FARM-0100,Potato,21.8,30,4,60,0.06666666666666667,1.0,0.00013333333333333334,21.8,43.6
LST-007530,FARM-0100,Green Chilli,32.83,115,10,10,1.0,0.9736842105263158,0.43815789473684214,18.45,3775.45
LST-007559,FARM-0100,Green Chilli,52.36,57,3,10,0.3,0.9736842105263158,0.011830263157894736,51.74,895.36
LST-007586,FARM-0100,Onion,28.68,129,5,30,0.16666666666666666,1.2236842105263157,0.002549342105263157,28.61,616.62
LST-007587,FARM-0100,Onion,23.05,21,8,30,0.26666666666666666,1.2236842105263157,0.010442105263157895,22.81,129.08
LST-007612,FARM-0101,Bhindi (Ladies finger),39.78,53,2,4,0.5,0.868421052631579,0.04884868421052632,37.84,1054.17
LST-007681,FARM-0102,Onion,28.99,180,10,30,0.3333333333333333,1.2236842105263157,0.020394736842105257,28.4,1739.4
LST-007723,FARM-0103,Onion,8.48,133,1,30,0.03333333333333333,1.2236842105263157,2.0394736842105264e-05,8.48,37.59
LST-007727,FARM-0103,Onion,32.28,192,10,30,0.3333333333333333,1.2236842105263157,0.020394736842105257,31.62,2065.92
LST-007757,FARM-0103,Onion,23.2,150,1,30,0.03333333333333333,1.2236842105263157,2.0394736842105264e-05,23.2,116.0
LST-007766,FARM-0103,Green Chilli,30.43,114,8,10,0.8,0.9736842105263158,0.22433684210526322,23.6,2775.22
LST-007820,FARM-0104,Potato,16.89,155,1,60,0.016666666666666666,1.0,2.0833333333333334e-06,16.89,43.63
LST-007826,FARM-0104,Potato,19.66,133,4,60,0.06666666666666667,1.0,0.00013333333333333334,19.66,174.32
LST-007912,FARM-0105,Onion,32.51,155,7,30,0.23333333333333334,1.2236842105263157,0.006995394736842106,32.28,1175.78
LST-007928,FARM-0106,Methi,18.55,84,7,3,1.5,1.1842105263157894,0.5328947368421052,8.66,2337.3
LST-007930,FARM-0106,Methi,19.98,174,3,3,1.0,1.1842105263157894,0.5328947368421052,9.33,3476.52
LST-007969,FARM-0106,Tomato,14.12,150,9,7,1.2857142857142858,0.9210526315789473,0.4144736842105263,8.27,2723.14
LST-007989,FARM-0106,Tomato,19.75,96,8,7,1.1428571428571428,0.9210526315789473,0.4144736842105263,11.56,2166.86
LST-008001,FARM-0107,Potato,23.07,62,7,60,0.11666666666666667,1.0,0.0007145833333333335,23.05,166.87
LST-008004,FARM-0107,Potato,20.26,33,5,60,0.08333333333333333,1.0,0.0002604166666666666,20.25,55.72
LST-008057,FARM-0107,Elephant Yam (Suran),25.72,185,7,45,0.15555555555555556,0.9078947368421052,0.0015378167641325535,25.68,740.16
LST-008074,FARM-0107,Elephant Yam (Suran),27.58,192,3,45,0.06666666666666667,0.9078947368421052,0.00012105263157894736,27.58,353.02
LST-008090,FARM-0107,Tomato,17.01,11,11,7,1.5,0.9210526315789473,0.4144736842105263,9.96,280.67
LST-008093,FARM-0107,Tomato,15.85,147,3,7,0.42857142857142855,0.9210526315789473,0.03262620837808807,15.33,998.55
LST-008130,FARM-0108,Brinjal,57.89,120,1,5,0.2,1.1052631578947367,0.003978947368421053,57.66,1389.36
LST-008134,FARM-0108,Brinjal,70.14,112,4,5,0.8,1.1052631578947367,0.2546526315789474,52.28,6284.54
LST-008160,FARM-0109,Brinjal,59.74,112,2,5,0.4,1.1052631578947367,0.031831578947368426,57.84,2676.35
LST-008215,FARM-0109,Methi,15.57,192,1,3,0.3333333333333333,1.1842105263157894,0.019736842105263153,15.26,996.48
LST-008223,FARM-0109,Methi,20.36,87,5,3,1.5,1.1842105263157894,0.5328947368421052,9.51,2656.98
LST-008275,FARM-0109,Green Chilli,56.38,192,1,10,0.1,0.9736842105263158,0.00043815789473684223,56.36,1082.5
LST-008299,FARM-0110,Green Chilli,35.85,138,6,10,0.6,0.9736842105263158,0.09464210526315789,32.46,2968.38
LST-008354,FARM-0110,Peas,41.46,127,1,4,0.25,1.2763157894736843,0.008974095394736844,41.09,1316.36
LST-008383,FARM-0110,Tomato,16.37,165,8,7,1.1428571428571428,0.9210526315789473,0.4144736842105263,9.59,3086.91
LST-008385,FARM-0110,Tomato,15.89,10,1,7,0.14285714285714285,0.9210526315789473,0.001208378088077336,15.87,22.7
LST-008391,FARM-0110,Tomato,14.89,121,1,7,0.14285714285714285,0.9210526315789473,0.001208378088077336,14.87,257.38
LST-008458,FARM-0112,Onion,27.77,181,1,30,0.03333333333333333,1.2236842105263157,2.0394736842105264e-05,27.77,167.55
LST-008479,FARM-0112,Onion,9.81,157,0,30,0.0,1.2236842105263157,0.0,9.81,0.0
LST-008513,FARM-0112,Green Chilli,39.89,32,7,10,0.7,0.9736842105263158,0.15028815789473682,33.9,893.54
LST-008554,FARM-0113,Brinjal,44.43,122,10,5,1.5,1.1052631578947367,0.4973684210526315,22.33,8130.69
LST-008654,FARM-0114,Onion,30.8,79,3,30,0.1,1.2236842105263157,0.0005506578947368422,30.78,243.32
LST-008678,FARM-0114,Onion,30.54,110,5,30,0.16666666666666666,1.2236842105263157,0.002549342105263157,30.46,559.9
LST-008708,FARM-0114,Garlic,243.75,149,6,90,0.06666666666666667,1.0,0.00013333333333333334,243.72,2421.25
LST-008757,FARM-0114,Tomato,19.22,153,11,7,1.5,0.9210526315789473,0.4144736842105263,11.25,4410.99
LST-008786,FARM-0115,Peas,28.97,123,5,4,1.25,1.2763157894736843,0.574342105263158,12.33,4454.14
LST-008788,FARM-0115,Peas,40.79,165,6,4,1.5,1.2763157894736843,0.574342105263158,17.36,10095.52
LST-008803,FARM-0116,Methi,20.33,64,3,3,1.0,1.1842105263157894,0.5328947368421052,9.5,1301.12
LST-008826,FARM-0116,Methi,19.92,92,11,3,1.5,1.1842105263157894,0.5328947368421052,9.3,2748.96
LST-008828,FARM-0116,Methi,19.61,134,7,3,1.5,1.1842105263157894,0.5328947368421052,9.16,3941.61
LST-008846,FARM-0116,Green Chilli,49.69,178,4,10,0.4,0.9736842105263158,0.028042105263157903,48.3,3537.93
LST-008888,FARM-0116,Tomato,17.25,86,6,7,0.8571428571428571,0.9210526315789473,0.2610096670247046,12.75,1271.57
LST-008973,FARM-0117,Elephant Yam (Suran),28.7,148,10,45,0.2222222222222222,0.9078947368421052,0.004483430799220272,28.57,943.91
LST-008982,FARM-0117,Elephant Yam (Suran),46.47,106,2,45,0.044444444444444446,0.9078947368421052,3.5867446393762186e-05,46.47,218.93
LST-009008,FARM-0118,Onion,20.87,14,7,30,0.23333333333333334,1.2236842105263157,0.006995394736842106,20.72,68.18
LST-009025,FARM-0118,Onion,31.13,90,3,30,0.1,1.2236842105263157,0.0005506578947368422,31.11,280.17
LST-009039,FARM-0118,Onion,23.83,138,1,30,0.03333333333333333,1.2236842105263157,2.0394736842105264e-05,23.83,109.62
LST-009065,FARM-0118,Methi,17.1,196,4,3,1.3333333333333333,1.1842105263157894,0.5328947368421052,7.99,4468.8
LST-009091,FARM-0118,Tomato,15.52,106,2,7,0.2857142857142857,0.9210526315789473,0.009667024704618688,15.37,470.03
LST-009119,FARM-0118,Tomato,16.47,24,3,7,0.42857142857142855,0.9210526315789473,0.03262620837808807,15.93,169.41
LST-009155,FARM-0119,Tomato,21.83,22,11,7,1.5,0.9210526315789473,0.4144736842105263,12.78,720.39
LST-009169,FARM-0119,Onion,26.93,44,1,30,0.03333333333333333,1.2236842105263157,2.0394736842105264e-05,26.93,39.5
LST-009197,FARM-0119,Onion,24.91,38,6,30,0.2,1.2236842105263157,0.004405263157894738,24.8,189.32
LST-009199,FARM-0119,Onion,29.98,128,8,30,0.26666666666666666,1.2236842105263157,0.010442105263157895,29.67,1023.32
LST-009324,FARM-0121,Bhindi (Ladies finger),53.81,101,8,4,1.5,0.868421052631579,0.3907894736842106,32.78,8152.22
LST-009349,FARM-0121,Bhindi (Ladies finger),47.77,147,1,4,0.25,0.868421052631579,0.00610608552631579,47.48,1755.55
LST-009360,FARM-0121,Methi,18.41,181,4,3,1.3333333333333333,1.1842105263157894,0.5328947368421052,8.6,4442.95
LST-009388,FARM-0121,Methi,19.62,56,7,3,1.5,1.1842105263157894,0.5328947368421052,9.16,1648.08
LST-009417,FARM-0122,Elephant Yam (Suran),27.22,23,4,45,0.08888888888888889,0.9078947368421052,0.0002869395711500975,27.21,55.65
LST-009498,FARM-0122,Onion,32.87,125,3,30,0.1,1.2236842105263157,0.0005506578947368422,32.85,410.88
LST-009499,FARM-0122,Onion,28.86,74,9,30,0.3,1.2236842105263157,0.014867763157894735,28.43,640.69
LST-009510,FARM-0122,Onion,24.42,110,8,30,0.26666666666666666,1.2236842105263157,0.010442105263157895,24.17,716.32
LST-009530,FARM-0123,Peas,26.04,135,5,4,1.25,1.2763157894736843,0.574342105263158,11.08,4394.25
LST-009615,FARM-0123,Methi,15.32,64,5,3,1.5,1.1842105263157894,0.5328947368421052,7.16,1470.72
LST-009732,FARM-0124,Elephant Yam (Suran),23.98,117,6,45,0.13333333333333333,0.9078947368421052,0.0009684210526315789,23.96,374.09
LST-009742,FARM-0124,Elephant Yam (Suran),30.89,96,3,45,0.06666666666666667,0.9078947368421052,0.00012105263157894736,30.89,197.7
LST-009754,FARM-0124,Elephant Yam (Suran),24.41,65,7,45,0.15555555555555556,0.9078947368421052,0.0015378167641325535,24.37,246.81
LST-009813,FARM-0126,Potato,20.63,60,1,60,0.016666666666666666,1.0,2.0833333333333334e-06,20.63,20.63
LST-009823,FARM-0126,Potato,20.39,189,10,60,0.16666666666666666,1.0,0.002083333333333333,20.35,642.28
LST-009852,FARM-0126,Brinjal,83.6,96,7,5,1.4,1.1052631578947367,0.4973684210526315,42.02,11235.84
LST-009859,FARM-0126,Brinjal,61.08,123,2,5,0.4,1.1052631578947367,0.031831578947368426,59.14,3005.14
LST-009913,FARM-0126,Garlic,238.53,142,5,90,0.05555555555555555,1.0,7.716049382716048e-05,238.51,1881.74
LST-009920,FARM-0127,Tomato,14.86,40,1,7,0.14285714285714285,0.9210526315789473,0.001208378088077336,14.84,84.91
LST-009928,FARM-0127,Tomato,14.04,43,10,7,1.4285714285714286,0.9210526315789473,0.4144736842105263,8.22,862.46
LST-009954,FARM-0127,Tomato,15.08,187,4,7,0.5714285714285714,0.9210526315789473,0.0773361976369495,13.91,1611.41
LST-010041,FARM-0128,Methi,17.99,106,7,3,1.5,1.1842105263157894,0.5328947368421052,8.4,2860.41
LST-010106,FARM-0129,Brinjal,79.08,153,6,5,1.2,1.1052631578947367,0.4973684210526315,39.75,14519.09
LST-010149,FARM-0130,Tomato,15.2,42,6,7,0.8571428571428571,0.9210526315789473,0.2610096670247046,11.23,547.2
LST-010223,FARM-0131,Brinjal,61.36,119,8,5,1.5,1.1052631578947367,0.4973684210526315,30.84,10952.76
LST-010265,FARM-0131,Green Chilli,32.75,24,7,10,0.7,0.9736842105263158,0.15028815789473682,27.83,550.2
LST-010293,FARM-0131,Potato,24.15,190,6,60,0.1,1.0,0.0004500000000000001,24.14,458.85
LST-010361,FARM-0133,Potato,21.85,127,1,60,0.016666666666666666,1.0,2.0833333333333334e-06,21.85,46.25
LST-010371,FARM-0133,Potato,21.23,53,3,60,0.05,1.0,5.625000000000001e-05,21.23,56.26
LST-010434,FARM-0134,Bhindi (Ladies finger),66.94,128,11,4,1.5,0.868421052631579,0.3907894736842106,40.78,12852.48
LST-010471,FARM-0135,Potato,23.54,184,4,60,0.06666666666666667,1.0,0.00013333333333333334,23.54,288.76
LST-010489,FARM-0135,Onion,30.72,124,9,30,0.3,1.2236842105263157,0.014867763157894735,30.26,1142.78
LST-010499,FARM-0135,Onion,23.09,93,7,30,0.23333333333333334,1.2236842105263157,0.006995394736842106,22.93,501.05
LST-010516,FARM-0135,Onion,10.05,78,0,30,0.0,1.2236842105263157,0.0,10.05,0.0
LST-010548,FARM-0135,Tomato,15.58,142,4,7,0.5714285714285714,0.9210526315789473,0.0773361976369495,14.38,1264.21
LST-010567,FARM-0136,Garlic,269.33,79,7,90,0.07777777777777778,1.0,0.0002117283950617284,269.27,1654.88
LST-010615,FARM-0136,Green Chilli,34.12,191,6,10,0.6,0.9736842105263158,0.09464210526315789,30.89,3910.15
LST-010657,FARM-0137,Bhindi (Ladies finger),43.74,48,5,4,1.25,0.868421052631579,0.3907894736842106,26.65,2624.4
LST-010771,FARM-0139,Brinjal,48.92,120,10,5,1.5,1.1052631578947367,0.4973684210526315,24.59,8805.6
LST-010828,FARM-0139,Elephant Yam (Suran),27.26,78,8,45,0.17777777777777778,0.9078947368421052,0.00229551656920078,27.2,378.01
LST-010903,FARM-0140,Bhindi (Ladies finger),50.53,167,7,4,1.5,0.868421052631579,0.3907894736842106,30.78,12657.76
LST-010946,FARM-0141,Elephant Yam (Suran),30.06,46,1,45,0.022222222222222223,0.9078947368421052,4.483430799220273e-06,30.06,30.73
LST-010948,FARM-0141,Elephant Yam (Suran),27.3,48,4,45,0.08888888888888889,0.9078947368421052,0.0002869395711500975,27.29,116.48
LST-010972,FARM-0141,Methi,19.77,87,8,3,1.5,1.1842105263157894,0.5328947368421052,9.23,2579.98
LST-010995,FARM-0141,Methi,19.48,96,6,3,1.5,1.1842105263157894,0.5328947368421052,9.1,2805.12
LST-011010,FARM-0142,Peas,32.79,23,5,4,1.25,1.2763157894736843,0.574342105263158,13.96,942.71
LST-011038,FARM-0142,Peas,36.03,142,9,4,1.5,1.2763157894736843,0.574342105263158,15.34,7674.39
LST-011050,FARM-0142,Bhindi (Ladies finger),54.36,56,7,4,1.5,0.868421052631579,0.3907894736842106,33.12,4566.24
LST-011172,FARM-0144,Brinjal,71.34,22,8,5,1.5,1.1052631578947367,0.4973684210526315,35.86,2354.22
LST-011211,FARM-0145,Brinjal,70.14,98,6,5,1.2,1.1052631578947367,0.4973684210526315,35.25,8248.46
LST-011239,FARM-0145,Brinjal,80.96,111,6,5,1.2,1.1052631578947367,0.4973684210526315,40.69,10783.87
LST-011283,FARM-0146,Bhindi (Ladies finger),49.8,55,7,4,1.5,0.868421052631579,0.3907894736842106,30.34,4108.5
LST-011316,FARM-0146,Bhindi (Ladies finger),51.73,68,3,4,0.75,0.868421052631579,0.16486430921052633,43.2,2638.23
LST-011390,FARM-0147,Brinjal,67.52,144,5,5,1.0,1.1052631578947367,0.4973684210526315,33.94,9722.88
LST-011396,FARM-0147,Brinjal,65.63,114,7,5,1.4,1.1052631578947367,0.4973684210526315,32.99,10474.55
LST-011509,FARM-0148,Garlic,245.05,149,2,90,0.022222222222222223,1.0,4.9382716049382725e-06,245.05,811.39
LST-011510,FARM-0148,Garlic,275.71,111,5,90,0.05555555555555555,1.0,7.716049382716048e-05,275.69,1700.21
LST-011522,FARM-0148,Tomato,15.35,179,4,7,0.5714285714285714,0.9210526315789473,0.0773361976369495,14.16,1570.09
LST-011527,FARM-0148,Tomato,15.51,56,8,7,1.1428571428571428,0.9210526315789473,0.4144736842105263,9.08,992.64
LST-011540,FARM-0148,Tomato,14.65,120,2,7,0.2857142857142857,0.9210526315789473,0.009667024704618688,14.51,502.29
LST-011563,FARM-0149,Elephant Yam (Suran),31.85,92,5,45,0.1111111111111111,0.9078947368421052,0.000560428849902534,31.83,325.58
LST-011571,FARM-0149,Elephant Yam (Suran),28.59,175,11,45,0.24444444444444444,0.9078947368421052,0.005967446393762183,28.42,1223.02
LST-011622,FARM-0149,Brinjal,50.56,92,10,5,1.5,1.1052631578947367,0.4973684210526315,25.41,6977.28
LST-011626,FARM-0149,Brinjal,71.15,151,7,5,1.4,1.1052631578947367,0.4973684210526315,35.76,15041.11
